,年齡層,道路型態,車種,事故型態,群
0,0,交岔路,慢車,A2,2
1,0,交岔路,小客車,A2,2
2,0,單路部分,機車,A2,1
3,1,交岔路,小客車,A2,2
4,0,交岔路,小客車,A2,2
5,0,單路部分,機車,A2,1
6,1,交岔路,機車,A2,0
7,2,交岔路,機車,A2,0
8,2,交岔路,小客車,A2,2
9,0,單路部分,小客車,A2,3
10,1,交岔路,小客車,A2,2
11,2,交岔路,機車,A2,0
12,1,交岔路,機車,A2,0
13,2,交岔路,機車,A2,0
14,0,單路部分,機車,A2,1
15,0,交岔路,機車,A2,0
16,2,交岔路,機車,A2,0
17,2,交岔路,機車,A2,0
18,1,單路部分,小客車,A2,3
19,0,交岔路,機車,A2,0
20,1,交岔路,機車,A2,0
21,0,單路部分,機車,A2,1
22,1,交岔路,小客車,A2,2
23,1,單路部分,機車,A2,1
24,2,交岔路,機車,A2,0
25,2,交岔路,機車,A2,0
26,1,交岔路,機車,A2,0
27,0,交岔路,機車,A2,0
28,1,交岔路,小客車,A2,2
29,0,單路部分,機車,A2,1
30,1,交岔路,小客車,A2,2
31,0,交岔路,機車,A2,0
32,1,交岔路,小客車,A2,2
33,1,交岔路,機車,A2,0
34,2,交岔路,小客車,A2,2
35,2,交岔路,機車,A2,0
36,0,交岔路,機車,A2,0
37,2,交岔路,機車,A2,0
38,1,單路部分,機車,A2,1
39,2,單路部分,小客車,A2,3
40,1,交岔路,小客車,A2,2
41,1,交岔路,機車,A2,0
42,0,單路部分,小客車,A2,3
43,0,交岔路,機車,A2,0
44,2,交岔路,機車,A2,0
45,1,交岔路,機車,A2,0
46,2,單路部分,小客車,A2,3
47,1,交岔路,機車,A2,0
48,1,交岔路,機車,A2,0
49,1,單路部分,小客車,A2,3
50,1,交岔路,小客車,A2,2
51,1,交岔路,小客車,A2,2
52,1,交岔路,機車,A2,0
53,2,單路部分,小客車,A2,3
54,2,單路部分,機車,A2,1
55,0,單路部分,機車,A2,1
56,0,交岔路,機車,A2,0
57,1,單路部分,機車,A2,1
58,1,交岔路,機車,A2,0
59,0,交岔路,機車,A2,0
60,0,單路部分,機車,A2,1
61,0,單路部分,機車,A2,1
62,2,單路部分,小貨車(含客、貨兩用),A2,3
63,2,交岔路,機車,A2,0
64,2,交岔路,機車,A2,0
65,0,交岔路,機車,A2,0
66,1,交岔路,機車,A2,0
67,2,交岔路,機車,A2,0
68,2,交岔路,機車,A2,0
69,0,交岔路,小客車,A2,2
70,0,交岔路,小客車,A2,2
71,1,交岔路,機車,A2,0
72,1,交岔路,人,A2,2
73,1,交岔路,小客車,A2,2
74,1,單路部分,機車,A2,1
75,1,交岔路,小客車,A2,2
76,0,交岔路,機車,A2,0
77,0,單路部分,機車,A2,1
78,1,交岔路,機車,A2,0
79,0,交岔路,機車,A2,0
80,0,交岔路,小貨車(含客、貨兩用),A2,2
81,0,交岔路,小客車,A2,2
82,0,交岔路,機車,A2,0
83,1,單路部分,小客車,A2,3
84,0,交岔路,機車,A2,0
85,1,交岔路,小客車,A2,2
86,2,交岔路,機車,A2,0
87,1,單路部分,機車,A2,1
88,1,單路部分,慢車,A2,3
89,1,交岔路,機車,A2,0
90,1,單路部分,小貨車(含客、貨兩用),A2,3
91,0,交岔路,機車,A2,0
92,0,交岔路,小客車,A2,2
93,1,交岔路,機車,A2,0
94,1,交岔路,機車,A2,0
95,2,單路部分,機車,A2,1
96,1,單路部分,機車,A2,1
97,1,交岔路,小客車,A2,2
98,0,交岔路,小客車,A2,2
99,0,單路部分,小客車,A2,3
100,1,交岔路,小客車,A2,2
101,1,交岔路,小客車,A2,2
102,0,交岔路,小客車,A2,2
103,0,交岔路,小客車,A2,2
104,0,單路部分,機車,A2,1
105,0,交岔路,機車,A2,0
106,0,單路部分,機車,A2,1
107,2,交岔路,機車,A2,0
108,0,單路部分,機車,A2,1
109,1,交岔路,機車,A2,0
110,0,交岔路,機車,A2,0
111,2,單路部分,小客車,A2,3
112,0,交岔路,機車,A2,0
113,2,交岔路,小客車,A2,2
114,1,交岔路,機車,A2,0
115,1,單路部分,小客車,A2,3
116,0,交岔路,機車,A2,0
117,1,單路部分,機車,A2,1
118,1,交岔路,小客車,A2,2
119,0,交岔路,機車,A2,0
120,1,單路部分,小客車,A2,3
121,0,交岔路,機車,A2,0
122,1,交岔路,小客車,A2,2
123,0,交岔路,小客車,A2,2
124,1,交岔路,機車,A2,0
125,1,交岔路,機車,A2,0
126,2,交岔路,機車,A2,0
127,1,交岔路,機車,A2,0
128,0,交岔路,機車,A2,0
129,1,交岔路,小客車,A2,2
130,0,交岔路,機車,A2,0
131,2,交岔路,小客車,A2,2
132,0,交岔路,機車,A2,0
133,2,單路部分,機車,A2,1
134,0,單路部分,機車,A2,1
135,2,交岔路,機車,A2,0
136,1,交岔路,機車,A2,0
137,1,交岔路,機車,A2,0
138,1,交岔路,小客車,A2,2
139,1,單路部分,小客車,A2,3
140,1,單路部分,小客車,A2,3
141,0,交岔路,機車,A2,0
142,1,單路部分,小客車,A2,3
143,1,交岔路,機車,A2,0
144,0,單路部分,機車,A2,1
145,1,單路部分,小客車,A2,3
146,0,單路部分,機車,A2,1
147,1,交岔路,小客車,A2,2
148,1,交岔路,小客車,A2,2
149,2,交岔路,,A2,0
150,0,交岔路,機車,A2,0
151,1,單路部分,機車,A2,1
152,1,交岔路,機車,A2,0
153,1,單路部分,機車,A2,1
154,1,交岔路,小客車,A2,2
155,0,交岔路,小客車,A2,2
156,2,單路部分,機車,A2,1
157,1,交岔路,機車,A2,0
158,0,交岔路,機車,A2,0
159,1,交岔路,機車,A2,0
160,1,交岔路,機車,A2,0
161,1,交岔路,機車,A2,0
162,1,單路部分,小客車,A2,3
163,0,交岔路,機車,A2,0
164,1,單路部分,小客車,A2,3
165,1,交岔路,小客車,A2,2
166,2,交岔路,小客車,A2,2
167,0,單路部分,小客車,A2,3
168,0,單路部分,機車,A2,1
169,0,單路部分,小客車,A2,3
170,0,交岔路,小客車,A2,2
171,1,交岔路,機車,A2,0
172,1,單路部分,機車,A2,1
173,0,交岔路,機車,A2,0
174,0,交岔路,機車,A2,0
175,2,交岔路,慢車,A2,2
176,0,單路部分,機車,A2,1
177,2,交岔路,機車,A2,0
178,2,交岔路,機車,A2,0
179,0,交岔路,特種車,A2,0
180,2,交岔路,機車,A2,0
181,1,交岔路,小客車,A2,2
182,1,交岔路,機車,A2,0
183,1,交岔路,機車,A2,0
184,0,交岔路,機車,A2,0
185,2,單路部分,機車,A2,1
186,1,交岔路,機車,A2,0
187,1,交岔路,小客車,A2,2
188,2,單路部分,小客車,A2,3
189,2,單路部分,小客車,A2,3
190,1,單路部分,機車,A2,1
191,2,單路部分,機車,A2,1
192,0,單路部分,機車,A2,1
193,1,單路部分,機車,A2,1
194,0,交岔路,慢車,A2,2
195,1,交岔路,機車,A2,0
196,0,交岔路,機車,A2,0
197,1,交岔路,機車,A2,0
198,1,單路部分,機車,A2,1
199,1,交岔路,機車,A2,0
200,2,交岔路,機車,A2,0
201,2,交岔路,機車,A2,0
202,2,單路部分,機車,A2,1
203,2,單路部分,,A2,1
204,1,單路部分,小客車,A2,3
205,1,交岔路,小客車,A2,2
206,1,交岔路,小貨車(含客、貨兩用),A2,2
207,2,單路部分,小客車,A2,3
208,1,單路部分,機車,A2,1
209,1,交岔路,機車,A2,0
210,1,交岔路,機車,A2,0
211,1,交岔路,小客車,A2,2
212,1,交岔路,小客車,A2,2
213,1,單路部分,機車,A2,1
214,1,交岔路,機車,A2,0
215,0,單路部分,小客車,A2,3
216,2,單路部分,小貨車(含客、貨兩用),A2,3
217,2,交岔路,小客車,A2,2
218,1,交岔路,機車,A2,0
219,0,單路部分,機車,A2,1
220,0,交岔路,機車,A2,0
221,0,交岔路,機車,A2,0
222,1,交岔路,機車,A2,0
223,1,交岔路,機車,A2,0
224,1,交岔路,機車,A2,0
225,2,交岔路,,A2,0
226,0,交岔路,小貨車(含客、貨兩用),A2,2
227,0,交岔路,機車,A2,0
228,1,單路部分,小客車,A2,3
229,0,交岔路,機車,A2,0
230,0,交岔路,小客車,A2,2
231,1,交岔路,機車,A2,0
232,1,交岔路,機車,A2,0
233,2,交岔路,,A2,0
234,1,交岔路,機車,A2,0
235,2,單路部分,小客車,A2,3
236,2,單路部分,,A2,1
237,0,交岔路,機車,A2,0
238,1,交岔路,機車,A2,0
239,1,交岔路,小客車,A2,2
240,1,單路部分,小客車,A2,3
241,0,交岔路,小客車,A2,2
242,1,交岔路,機車,A2,0
243,1,交岔路,機車,A2,0
244,1,交岔路,機車,A2,0
245,1,交岔路,機車,A2,0
246,2,交岔路,機車,A2,0
247,2,交岔路,,A2,0
248,0,交岔路,機車,A2,0
249,0,交岔路,機車,A2,0
250,2,單路部分,小客車,A2,3
251,2,交岔路,小客車,A2,2
252,1,交岔路,機車,A2,0
253,0,交岔路,機車,A2,0
254,1,交岔路,小客車,A2,2
255,1,交岔路,機車,A2,0
256,1,交岔路,機車,A2,0
257,1,單路部分,機車,A2,1
258,0,單路部分,機車,A2,1
259,1,交岔路,機車,A2,0
260,1,交岔路,機車,A2,0
261,1,交岔路,機車,A2,0
262,1,單路部分,機車,A2,1
263,1,單路部分,小客車,A2,3
264,2,交岔路,小客車,A2,2
265,2,交岔路,其他車,A2,0
266,1,單路部分,機車,A2,1
267,2,單路部分,機車,A2,1
268,0,單路部分,小貨車(含客、貨兩用),A2,3
269,0,單路部分,機車,A2,1
270,0,交岔路,機車,A2,0
271,0,單路部分,機車,A2,1
272,1,交岔路,機車,A2,0
273,1,單路部分,小貨車(含客、貨兩用),A2,3
274,0,單路部分,機車,A2,1
275,2,交岔路,小客車,A2,2
276,0,交岔路,機車,A2,0
277,1,交岔路,小客車,A2,2
278,2,交岔路,機車,A2,0
279,1,交岔路,小客車,A2,2
280,0,單路部分,機車,A2,1
281,1,交岔路,機車,A2,0
282,1,單路部分,半聯結車,A2,1
283,0,交岔路,機車,A2,0
284,1,交岔路,機車,A2,0
285,1,交岔路,機車,A2,0
286,1,交岔路,小客車,A2,2
287,0,交岔路,機車,A2,0
288,1,單路部分,小客車,A2,3
289,2,單路部分,,A2,1
290,1,交岔路,機車,A2,0
291,1,交岔路,機車,A2,0
292,0,交岔路,機車,A2,0
293,1,交岔路,小貨車(含客、貨兩用),A2,2
294,0,交岔路,機車,A2,0
295,0,交岔路,機車,A2,0
296,0,單路部分,機車,A2,1
297,1,交岔路,機車,A2,0
298,1,交岔路,小客車,A2,2
299,1,交岔路,小客車,A2,2
300,0,單路部分,機車,A2,1
301,1,單路部分,機車,A2,1
302,2,交岔路,機車,A2,0
303,2,交岔路,小客車,A2,2
304,0,交岔路,機車,A2,0
305,2,交岔路,小客車,A2,2
306,1,單路部分,機車,A2,1
307,2,交岔路,機車,A2,0
308,1,交岔路,小客車,A2,2
309,1,交岔路,小客車,A2,2
310,2,交岔路,小客車,A2,2
311,1,交岔路,小客車,A2,2
312,1,交岔路,小貨車(含客、貨兩用),A2,2
313,1,交岔路,小客車,A2,2
314,2,單路部分,機車,A2,1
315,1,單路部分,機車,A2,1
316,1,交岔路,機車,A2,0
317,1,交岔路,機車,A2,0
318,0,交岔路,機車,A2,0
319,2,單路部分,小客車,A2,3
320,1,交岔路,機車,A2,0
321,1,單路部分,機車,A2,1
322,1,交岔路,機車,A2,0
323,1,交岔路,小客車,A2,2
324,1,單路部分,機車,A2,1
325,2,交岔路,小客車,A2,2
326,2,交岔路,機車,A2,0
327,0,單路部分,機車,A2,1
328,1,交岔路,小客車,A2,2
329,1,交岔路,小客車,A2,2
330,1,交岔路,機車,A2,0
331,1,單路部分,機車,A2,1
332,1,交岔路,機車,A2,0
333,2,單路部分,,A2,1
334,0,交岔路,機車,A2,0
335,1,交岔路,機車,A2,0
336,2,單路部分,慢車,A2,3
337,1,交岔路,大客車,A2,0
338,1,交岔路,機車,A2,0
339,0,單路部分,慢車,A2,3
340,0,交岔路,機車,A2,0
341,2,單路部分,機車,A2,1
342,1,單路部分,機車,A2,1
343,0,單路部分,小客車,A2,3
344,1,單路部分,機車,A2,1
345,1,交岔路,機車,A2,0
346,1,交岔路,小客車,A2,2
347,1,單路部分,機車,A2,1
348,2,交岔路,,A2,0
349,1,交岔路,機車,A2,0
350,1,單路部分,小客車,A2,3
351,1,單路部分,半聯結車,A2,1
352,1,單路部分,小貨車(含客、貨兩用),A2,3
353,2,交岔路,機車,A2,0
354,1,交岔路,小客車,A2,2
355,1,交岔路,機車,A2,0
356,2,交岔路,機車,A2,0
357,2,單路部分,機車,A2,1
358,1,交岔路,機車,A2,0
359,1,交岔路,機車,A2,0
360,0,交岔路,機車,A2,0
361,1,交岔路,小貨車(含客、貨兩用),A2,2
362,1,交岔路,小貨車(含客、貨兩用),A2,2
363,2,交岔路,,A2,0
364,0,交岔路,機車,A2,0
365,1,交岔路,小客車,A2,2
366,0,單路部分,機車,A2,1
367,0,單路部分,機車,A2,1
368,1,交岔路,機車,A2,0
369,1,單路部分,小客車,A2,3
370,1,交岔路,機車,A2,0
371,1,交岔路,機車,A2,0
372,0,交岔路,機車,A2,0
373,2,交岔路,機車,A2,0
374,0,交岔路,機車,A2,0
375,1,交岔路,機車,A2,0
376,2,單路部分,機車,A2,1
377,1,單路部分,機車,A2,1
378,2,交岔路,機車,A2,0
379,1,交岔路,機車,A2,0
380,0,單路部分,小客車,A2,3
381,0,單路部分,機車,A2,1
382,0,交岔路,機車,A2,0
383,1,交岔路,機車,A2,0
384,1,單路部分,機車,A2,1
385,0,交岔路,機車,A2,0
386,1,交岔路,機車,A2,0
387,1,交岔路,機車,A2,0
388,1,交岔路,小貨車(含客、貨兩用),A2,2
389,1,交岔路,機車,A2,0
390,2,單路部分,,A2,1
391,1,單路部分,機車,A2,1
392,2,交岔路,機車,A2,0
393,2,單路部分,小客車,A2,3
394,2,交岔路,慢車,A2,2
395,2,交岔路,慢車,A2,2
396,0,交岔路,機車,A2,0
397,1,單路部分,機車,A2,1
398,2,交岔路,機車,A2,0
399,1,單路部分,機車,A2,1
400,0,單路部分,機車,A2,1
401,1,交岔路,小客車,A2,2
402,0,交岔路,小貨車(含客、貨兩用),A2,2
403,1,交岔路,機車,A2,0
404,0,單路部分,機車,A2,1
405,1,交岔路,機車,A2,0
406,2,單路部分,慢車,A2,3
407,2,單路部分,機車,A2,1
408,2,交岔路,機車,A2,0
409,2,交岔路,機車,A2,0
410,1,交岔路,機車,A2,0
411,1,單路部分,機車,A2,1
412,1,交岔路,機車,A2,0
413,0,單路部分,機車,A2,1
414,1,交岔路,機車,A2,0
415,1,交岔路,小客車,A2,2
416,2,單路部分,機車,A2,1
417,2,交岔路,小客車,A2,2
418,2,交岔路,機車,A2,0
419,1,交岔路,小客車,A2,2
420,0,交岔路,小客車,A2,2
421,0,單路部分,機車,A2,1
422,1,交岔路,機車,A2,0
423,1,單路部分,小客車,A2,3
424,0,交岔路,機車,A2,0
425,0,交岔路,機車,A2,0
426,1,交岔路,小客車,A2,2
427,2,交岔路,機車,A2,0
428,2,交岔路,機車,A2,0
429,1,交岔路,機車,A2,0
430,0,交岔路,機車,A2,0
431,1,交岔路,機車,A2,0
432,1,交岔路,機車,A2,0
433,1,交岔路,機車,A2,0
434,2,單路部分,機車,A2,1
435,1,交岔路,小客車,A2,2
436,0,交岔路,機車,A2,0
437,1,交岔路,機車,A2,0
438,2,交岔路,機車,A2,0
439,1,交岔路,機車,A2,0
440,0,交岔路,機車,A2,0
441,1,交岔路,機車,A2,0
442,0,交岔路,小客車,A2,2
443,2,交岔路,機車,A2,0
444,1,交岔路,機車,A2,0
445,2,單路部分,小貨車(含客、貨兩用),A2,3
446,0,交岔路,小客車,A2,2
447,2,交岔路,機車,A2,0
448,1,交岔路,小客車,A2,2
449,2,交岔路,機車,A2,0
450,0,交岔路,機車,A2,0
451,1,交岔路,機車,A2,0
452,1,交岔路,小客車,A2,2
453,1,交岔路,小客車,A2,2
454,1,交岔路,小客車,A2,2
455,2,交岔路,小貨車(含客、貨兩用),A2,2
456,1,交岔路,小客車,A2,2
457,1,單路部分,機車,A2,1
458,1,交岔路,機車,A2,0
459,0,交岔路,機車,A2,0
460,0,單路部分,機車,A2,1
461,0,交岔路,機車,A2,0
462,1,單路部分,機車,A2,1
463,2,交岔路,機車,A2,0
464,1,交岔路,機車,A2,0
465,1,交岔路,機車,A2,0
466,1,交岔路,機車,A2,0
467,0,交岔路,機車,A2,0
468,2,交岔路,小貨車(含客、貨兩用),A2,2
469,1,交岔路,機車,A2,0
470,1,交岔路,小客車,A2,2
471,0,單路部分,機車,A2,1
472,1,交岔路,機車,A2,0
473,0,單路部分,小客車,A2,3
474,1,單路部分,小客車,A2,3
475,1,交岔路,機車,A2,0
476,1,單路部分,機車,A2,1
477,2,交岔路,機車,A2,0
478,1,交岔路,機車,A2,0
479,0,單路部分,機車,A2,1
480,0,交岔路,小客車,A2,2
481,2,交岔路,機車,A2,0
482,1,交岔路,小貨車(含客、貨兩用),A2,2
483,2,單路部分,,A2,1
484,0,單路部分,機車,A2,1
485,1,交岔路,機車,A2,0
486,1,交岔路,機車,A2,0
487,1,交岔路,機車,A2,0
488,2,交岔路,機車,A2,0
489,1,交岔路,機車,A2,0
490,1,單路部分,機車,A2,1
491,0,交岔路,機車,A2,0
492,1,交岔路,機車,A2,0
493,0,交岔路,機車,A2,0
494,1,單路部分,機車,A2,1
495,0,單路部分,機車,A2,1
496,1,交岔路,機車,A2,0
497,1,單路部分,小客車,A2,3
498,0,交岔路,小客車,A2,2
499,1,交岔路,機車,A2,0
500,2,交岔路,機車,A2,0
501,0,交岔路,機車,A2,0
502,0,單路部分,小客車,A2,3
503,1,單路部分,小客車,A2,3
504,2,交岔路,機車,A2,0
505,1,單路部分,機車,A2,1
506,2,交岔路,機車,A2,0
507,1,交岔路,機車,A2,0
508,1,單路部分,小客車,A2,3
509,1,交岔路,機車,A2,0
510,0,交岔路,機車,A2,0
511,0,單路部分,機車,A2,1
512,0,單路部分,機車,A2,1
513,2,交岔路,機車,A2,0
514,1,交岔路,機車,A2,0
515,2,交岔路,機車,A2,0
516,0,交岔路,小客車,A2,2
517,1,交岔路,機車,A2,0
518,0,交岔路,機車,A2,0
519,1,單路部分,小客車,A2,3
520,1,單路部分,小客車,A2,3
521,1,交岔路,機車,A2,0
522,0,交岔路,小客車,A2,2
523,0,交岔路,機車,A2,0
524,1,單路部分,機車,A2,1
525,0,交岔路,機車,A2,0
526,2,單路部分,人,A2,3
527,0,單路部分,機車,A2,1
528,2,交岔路,機車,A2,0
529,0,單路部分,機車,A2,1
530,2,單路部分,,A2,1
531,0,單路部分,慢車,A2,3
532,1,交岔路,小客車,A2,2
533,0,單路部分,機車,A2,1
534,2,交岔路,,A2,0
535,1,交岔路,機車,A2,0
536,2,交岔路,機車,A2,0
537,1,交岔路,小貨車(含客、貨兩用),A2,2
538,1,交岔路,小客車,A2,2
539,1,交岔路,機車,A2,0
540,1,單路部分,機車,A2,1
541,1,交岔路,機車,A2,0
542,0,交岔路,機車,A2,0
543,2,交岔路,機車,A2,0
544,1,單路部分,機車,A2,1
545,0,單路部分,機車,A2,1
546,1,單路部分,小客車,A2,3
547,2,交岔路,小客車,A2,2
548,0,交岔路,機車,A2,0
549,2,交岔路,機車,A2,0
550,1,交岔路,小貨車(含客、貨兩用),A2,2
551,0,交岔路,小客車,A2,2
552,1,單路部分,小客車,A2,3
553,2,單路部分,小客車,A2,3
554,1,單路部分,機車,A2,1
555,2,單路部分,機車,A2,1
556,0,交岔路,機車,A2,0
557,1,單路部分,小客車,A2,3
558,0,交岔路,機車,A2,0
559,1,單路部分,機車,A2,1
560,1,交岔路,機車,A2,0
561,1,交岔路,機車,A2,0
562,2,單路部分,機車,A2,1
563,0,交岔路,機車,A2,0
564,2,交岔路,機車,A2,0
565,1,交岔路,機車,A2,0
566,1,交岔路,小客車,A2,2
567,2,交岔路,小客車,A2,2
568,1,單路部分,機車,A2,1
569,1,交岔路,小客車,A2,2
570,0,交岔路,小客車,A2,2
571,0,交岔路,機車,A2,0
572,2,交岔路,慢車,A2,2
573,0,單路部分,機車,A2,1
574,2,交岔路,機車,A2,0
575,1,交岔路,小貨車(含客、貨兩用),A2,2
576,1,單路部分,機車,A2,1
577,1,交岔路,小客車,A2,2
578,1,交岔路,小客車,A2,2
579,1,單路部分,機車,A2,1
580,0,單路部分,小客車,A2,3
581,0,交岔路,機車,A2,0
582,1,交岔路,機車,A2,0
583,2,單路部分,機車,A2,1
584,1,單路部分,小客車,A2,3
585,1,單路部分,機車,A2,1
586,0,交岔路,機車,A2,0
587,2,單路部分,機車,A2,1
588,1,交岔路,小客車,A2,2
589,1,交岔路,小客車,A2,2
590,1,單路部分,機車,A2,1
591,2,交岔路,機車,A2,0
592,0,交岔路,機車,A2,0
593,1,交岔路,機車,A2,0
594,1,交岔路,小客車,A2,2
595,1,交岔路,機車,A2,0
596,1,交岔路,小貨車(含客、貨兩用),A2,2
597,1,交岔路,機車,A2,0
598,0,交岔路,機車,A2,0
599,1,單路部分,小客車,A2,3
600,1,單路部分,機車,A2,1
601,1,單路部分,機車,A2,1
602,0,單路部分,機車,A2,1
603,2,交岔路,小客車,A2,2
604,1,單路部分,機車,A2,1
605,1,交岔路,小客車,A2,2
606,0,交岔路,機車,A2,0
607,0,單路部分,小客車,A2,3
608,1,單路部分,機車,A2,1
609,0,交岔路,大貨車,A2,0
610,1,單路部分,大貨車,A2,1
611,1,交岔路,機車,A2,0
612,1,交岔路,機車,A2,0
613,1,交岔路,小客車,A2,2
614,0,交岔路,機車,A2,0
615,1,交岔路,小客車,A2,2
616,1,單路部分,小客車,A2,3
617,1,單路部分,機車,A2,1
618,0,單路部分,機車,A2,1
619,1,交岔路,小客車,A2,2
620,1,交岔路,小客車,A2,2
621,1,交岔路,機車,A2,0
622,1,交岔路,小客車,A2,2
623,1,交岔路,機車,A2,0
624,1,交岔路,機車,A2,0
625,2,交岔路,機車,A2,0
626,2,交岔路,小客車,A2,2
627,2,交岔路,小客車,A2,2
628,0,交岔路,機車,A2,0
629,2,交岔路,小客車,A2,2
630,1,交岔路,機車,A2,0
631,1,交岔路,機車,A2,0
632,2,交岔路,機車,A2,0
633,1,交岔路,機車,A2,0
634,1,單路部分,機車,A2,1
635,1,交岔路,機車,A2,0
636,0,交岔路,機車,A2,0
637,2,單路部分,機車,A2,1
638,2,交岔路,小客車,A2,2
639,1,交岔路,小客車,A2,2
640,1,交岔路,機車,A2,0
641,1,單路部分,小客車,A2,3
642,1,單路部分,小客車,A2,3
643,1,交岔路,小客車,A2,2
644,2,交岔路,機車,A2,0
645,1,交岔路,小客車,A2,2
646,1,交岔路,小客車,A2,2
647,0,單路部分,機車,A2,1
648,2,交岔路,小客車,A2,2
649,1,交岔路,小客車,A2,2
650,1,交岔路,小貨車(含客、貨兩用),A2,2
651,2,交岔路,小客車,A2,2
652,2,交岔路,機車,A2,0
653,1,交岔路,機車,A2,0
654,2,交岔路,機車,A2,0
655,2,交岔路,小客車,A2,2
656,2,單路部分,機車,A2,1
657,1,交岔路,機車,A2,0
658,2,交岔路,機車,A2,0
659,2,交岔路,機車,A2,0
660,1,交岔路,小客車,A2,2
661,1,單路部分,機車,A2,1
662,2,單路部分,機車,A2,1
663,1,交岔路,機車,A2,0
664,2,交岔路,,A2,0
665,0,單路部分,機車,A2,1
666,1,單路部分,機車,A2,1
667,2,交岔路,機車,A2,0
668,2,交岔路,小客車,A2,2
669,2,交岔路,機車,A2,0
670,2,交岔路,小客車,A2,2
671,1,交岔路,小客車,A2,2
672,2,交岔路,機車,A2,0
673,2,交岔路,機車,A2,0
674,1,交岔路,慢車,A2,2
675,2,交岔路,機車,A2,0
676,1,交岔路,機車,A2,0
677,1,交岔路,小客車,A2,2
678,1,交岔路,機車,A2,0
679,0,單路部分,機車,A2,1
680,1,交岔路,機車,A2,0
681,0,交岔路,慢車,A2,2
682,2,交岔路,機車,A2,0
683,2,交岔路,小客車,A2,2
684,2,交岔路,機車,A2,0
685,2,交岔路,小客車,A2,2
686,1,交岔路,小客車,A2,2
687,0,單路部分,機車,A2,1
688,2,交岔路,機車,A2,0
689,0,交岔路,機車,A2,0
690,1,單路部分,機車,A2,1
691,1,交岔路,小客車,A2,2
692,1,交岔路,小客車,A2,2
693,2,單路部分,機車,A2,1
694,1,交岔路,小客車,A2,2
695,0,交岔路,機車,A2,0
696,1,單路部分,小貨車(含客、貨兩用),A2,3
697,2,交岔路,機車,A2,0
698,2,交岔路,機車,A2,0
699,1,單路部分,小客車,A2,3
700,1,交岔路,小客車,A2,2
701,2,交岔路,機車,A2,0
702,1,單路部分,小客車,A2,3
703,1,單路部分,機車,A2,1
704,2,交岔路,機車,A2,0
705,0,單路部分,機車,A2,1
706,1,交岔路,機車,A2,0
707,2,交岔路,,A2,0
708,1,交岔路,小客車,A2,2
709,1,交岔路,小客車,A2,2
710,1,交岔路,機車,A2,0
711,1,單路部分,小客車,A2,3
712,1,交岔路,機車,A2,0
713,1,交岔路,小客車,A2,2
714,1,交岔路,機車,A2,0
715,0,單路部分,機車,A2,1
716,2,單路部分,機車,A2,1
717,1,交岔路,機車,A2,0
718,0,交岔路,機車,A2,0
719,1,交岔路,機車,A2,0
720,1,交岔路,小客車,A2,2
721,1,單路部分,機車,A2,1
722,2,交岔路,機車,A2,0
723,2,單路部分,機車,A2,1
724,2,交岔路,機車,A2,0
725,2,交岔路,小貨車(含客、貨兩用),A2,2
726,2,交岔路,機車,A2,0
727,1,交岔路,機車,A2,0
728,0,單路部分,機車,A2,1
729,1,交岔路,機車,A2,0
730,2,交岔路,機車,A2,0
731,2,交岔路,機車,A2,0
732,1,交岔路,機車,A2,0
733,1,交岔路,曳引車,A2,0
734,1,交岔路,小客車,A2,2
735,1,交岔路,小客車,A2,2
736,2,交岔路,機車,A2,0
737,1,交岔路,小貨車(含客、貨兩用),A2,2
738,0,交岔路,機車,A2,0
739,2,交岔路,,A2,0
740,1,交岔路,小客車,A2,2
741,1,單路部分,小客車,A2,3
742,0,交岔路,小客車,A2,2
743,1,交岔路,小客車,A2,2
744,2,單路部分,機車,A2,1
745,1,交岔路,機車,A2,0
746,2,交岔路,小客車,A2,2
747,2,交岔路,小客車,A2,2
748,1,交岔路,小客車,A2,2
749,1,交岔路,機車,A2,0
750,0,交岔路,小貨車(含客、貨兩用),A2,2
751,2,交岔路,機車,A2,0
752,0,交岔路,小客車,A2,2
753,1,交岔路,機車,A2,0
754,2,交岔路,機車,A2,0
755,1,交岔路,機車,A2,0
756,2,交岔路,小客車,A2,2
757,1,交岔路,機車,A2,0
758,1,交岔路,小客車,A2,2
759,2,交岔路,機車,A2,0
760,1,單路部分,機車,A2,1
761,1,交岔路,機車,A2,0
762,1,交岔路,機車,A2,0
763,2,單路部分,機車,A2,1
764,1,單路部分,機車,A2,1
765,0,交岔路,機車,A2,0
766,1,單路部分,機車,A2,1
767,1,交岔路,機車,A2,0
768,1,交岔路,小貨車(含客、貨兩用),A2,2
769,2,交岔路,小客車,A2,2
770,1,交岔路,機車,A2,0
771,1,交岔路,機車,A2,0
772,1,交岔路,小客車,A2,2
773,0,交岔路,機車,A2,0
774,1,交岔路,小客車,A2,2
775,0,交岔路,機車,A2,0
776,0,交岔路,機車,A2,0
777,1,交岔路,機車,A2,0
778,0,交岔路,機車,A2,0
779,0,交岔路,機車,A2,0
780,1,交岔路,機車,A2,0
781,2,單路部分,,A2,1
782,1,單路部分,小貨車(含客、貨兩用),A2,3
783,0,單路部分,小客車,A2,3
784,2,交岔路,機車,A2,0
785,0,交岔路,機車,A2,0
786,0,交岔路,機車,A2,0
787,1,交岔路,小客車,A2,2
788,2,單路部分,機車,A2,1
789,1,交岔路,機車,A2,0
790,2,單路部分,,A2,1
791,1,單路部分,小客車,A2,3
792,1,交岔路,小客車,A2,2
793,0,交岔路,機車,A2,0
794,0,交岔路,小客車,A2,2
795,0,交岔路,機車,A2,0
796,1,交岔路,機車,A2,0
797,1,交岔路,小客車,A2,2
798,0,交岔路,機車,A2,0
799,1,單路部分,機車,A2,1
800,0,交岔路,機車,A2,0
801,2,單路部分,,A2,1
802,2,單路部分,,A2,1
803,2,交岔路,機車,A2,0
804,1,單路部分,機車,A2,1
805,1,交岔路,小客車,A2,2
806,1,交岔路,小貨車(含客、貨兩用),A2,2
807,1,單路部分,小客車,A2,3
808,2,交岔路,機車,A2,0
809,2,交岔路,機車,A2,0
810,2,交岔路,機車,A2,0
811,2,交岔路,慢車,A2,2
812,2,單路部分,人,A2,3
813,2,交岔路,機車,A2,0
814,1,單路部分,小客車,A2,3
815,1,交岔路,小貨車(含客、貨兩用),A2,2
816,0,交岔路,機車,A2,0
817,1,交岔路,小客車,A2,2
818,2,交岔路,小客車,A2,2
819,0,交岔路,機車,A2,0
820,1,單路部分,機車,A2,1
821,1,單路部分,小客車,A2,3
822,1,交岔路,機車,A2,0
823,1,交岔路,機車,A2,0
824,2,交岔路,慢車,A2,2
825,0,交岔路,機車,A2,0
826,0,交岔路,機車,A2,0
827,1,交岔路,小客車,A2,2
828,1,交岔路,機車,A2,0
829,2,交岔路,機車,A2,0
830,0,交岔路,機車,A2,0
831,2,單路部分,機車,A2,1
832,1,單路部分,機車,A2,1
833,0,交岔路,慢車,A2,2
834,0,交岔路,機車,A2,0
835,1,單路部分,機車,A2,1
836,0,交岔路,機車,A2,0
837,1,交岔路,小客車,A2,2
838,2,單路部分,機車,A2,1
839,1,交岔路,小客車,A2,2
840,1,交岔路,小客車,A2,2
841,0,交岔路,機車,A2,0
842,1,單路部分,小客車,A2,3
843,0,交岔路,機車,A2,0
844,0,交岔路,機車,A2,0
845,1,單路部分,小客車,A2,3
846,1,交岔路,小客車,A2,2
847,1,交岔路,機車,A2,0
848,1,交岔路,機車,A2,0
849,0,單路部分,機車,A2,1
850,1,單路部分,機車,A2,1
851,1,交岔路,小客車,A2,2
852,0,交岔路,機車,A2,0
853,1,交岔路,小客車,A2,2
854,1,單路部分,機車,A2,1
855,1,交岔路,機車,A2,0
856,0,單路部分,機車,A2,1
857,1,單路部分,小貨車(含客、貨兩用),A2,3
858,1,交岔路,小客車,A2,2
859,2,單路部分,機車,A2,1
860,1,單路部分,小客車,A2,3
861,1,交岔路,小客車,A2,2
862,1,交岔路,機車,A2,0
863,2,單路部分,小客車,A2,3
864,2,交岔路,機車,A2,0
865,2,交岔路,,A2,0
866,0,交岔路,機車,A2,0
867,2,單路部分,機車,A2,1
868,1,單路部分,機車,A2,1
869,2,單路部分,機車,A2,1
870,0,交岔路,機車,A2,0
871,2,交岔路,機車,A2,0
872,2,交岔路,機車,A2,0
873,0,交岔路,機車,A2,0
874,1,交岔路,機車,A2,0
875,2,交岔路,機車,A2,0
876,1,單路部分,小客車,A2,3
877,1,交岔路,小客車,A2,2
878,1,交岔路,小客車,A2,2
879,2,交岔路,機車,A2,0
880,0,單路部分,機車,A2,1
881,0,單路部分,機車,A2,1
882,0,單路部分,機車,A2,1
883,1,交岔路,機車,A2,0
884,1,交岔路,機車,A2,0
885,1,交岔路,機車,A2,0
886,1,交岔路,機車,A2,0
887,2,單路部分,機車,A2,1
888,1,交岔路,小客車,A2,2
889,1,單路部分,小客車,A2,3
890,0,單路部分,機車,A2,1
891,2,交岔路,小客車,A2,2
892,1,交岔路,機車,A2,0
893,2,交岔路,機車,A2,0
894,2,單路部分,慢車,A2,3
895,1,交岔路,機車,A2,0
896,1,單路部分,機車,A2,1
897,2,單路部分,機車,A2,1
898,1,交岔路,機車,A2,0
899,0,單路部分,小客車,A2,3
900,1,交岔路,機車,A2,0
901,2,交岔路,,A2,0
902,1,單路部分,機車,A2,1
903,2,交岔路,機車,A2,0
904,0,交岔路,機車,A2,0
905,1,單路部分,小客車,A2,3
906,0,交岔路,機車,A2,0
907,2,交岔路,小客車,A2,2
908,0,交岔路,機車,A2,0
909,1,交岔路,機車,A2,0
910,0,交岔路,慢車,A2,2
911,2,單路部分,小客車,A2,3
912,1,單路部分,小客車,A2,3
913,1,單路部分,機車,A2,1
914,1,交岔路,小客車,A2,2
915,0,交岔路,機車,A2,0
916,0,單路部分,機車,A2,1
917,1,交岔路,機車,A2,0
918,0,單路部分,機車,A2,1
919,0,交岔路,小客車,A2,2
920,0,交岔路,機車,A2,0
921,1,交岔路,機車,A2,0
922,1,單路部分,半聯結車,A2,1
923,1,交岔路,機車,A2,0
924,1,交岔路,機車,A2,0
925,0,交岔路,機車,A2,0
926,1,交岔路,機車,A2,0
927,1,交岔路,機車,A2,0
928,1,交岔路,小客車,A2,2
929,0,單路部分,機車,A2,1
930,0,交岔路,機車,A2,0
931,0,單路部分,機車,A2,1
932,1,交岔路,機車,A2,0
933,1,交岔路,機車,A2,0
934,2,交岔路,機車,A2,0
935,1,交岔路,機車,A2,0
936,2,單路部分,機車,A2,1
937,1,單路部分,機車,A2,1
938,2,交岔路,機車,A2,0
939,1,交岔路,小客車,A2,2
940,1,交岔路,小客車,A2,2
941,2,交岔路,機車,A2,0
942,2,單路部分,機車,A2,1
943,1,交岔路,機車,A2,0
944,1,交岔路,小客車,A2,2
945,2,單路部分,小客車,A2,3
946,0,交岔路,機車,A2,0
947,2,交岔路,機車,A2,0
948,1,交岔路,小客車,A2,2
949,0,交岔路,小客車,A2,2
950,2,交岔路,機車,A2,0
951,1,單路部分,小客車,A2,3
952,0,交岔路,機車,A2,0
953,2,單路部分,機車,A2,1
954,1,交岔路,機車,A2,0
955,0,交岔路,機車,A2,0
956,1,單路部分,機車,A2,1
957,0,單路部分,機車,A2,1
958,0,交岔路,機車,A2,0
959,0,單路部分,機車,A2,1
960,0,單路部分,機車,A2,1
961,2,交岔路,,A2,0
962,2,單路部分,小客車,A2,3
963,0,交岔路,機車,A2,0
964,1,單路部分,小客車,A2,3
965,2,單路部分,機車,A2,1
966,2,單路部分,慢車,A2,3
967,1,單路部分,機車,A2,1
968,2,交岔路,慢車,A2,2
969,1,單路部分,機車,A2,1
970,1,單路部分,機車,A2,1
971,2,交岔路,機車,A2,0
972,2,交岔路,小客車,A2,2
973,1,單路部分,機車,A2,1
974,2,交岔路,機車,A2,0
975,2,交岔路,慢車,A2,2
976,2,交岔路,,A2,0
977,2,交岔路,機車,A2,0
978,1,交岔路,機車,A2,0
979,0,單路部分,機車,A2,1
980,1,交岔路,機車,A2,0
981,2,交岔路,機車,A2,0
982,2,單路部分,小客車,A2,3
983,2,交岔路,慢車,A2,2
984,1,單路部分,機車,A2,1
985,2,交岔路,機車,A2,0
986,1,單路部分,小貨車(含客、貨兩用),A2,3
987,0,交岔路,機車,A2,0
988,1,單路部分,機車,A2,1
989,1,交岔路,機車,A2,0
990,2,交岔路,機車,A2,0
991,1,交岔路,小客車,A2,2
992,0,交岔路,小客車,A2,2
993,0,交岔路,小客車,A2,2
994,0,單路部分,機車,A2,1
995,1,交岔路,機車,A2,0
996,0,單路部分,機車,A2,1
997,1,交岔路,機車,A2,0
998,0,交岔路,機車,A2,0
999,2,交岔路,機車,A2,0
1000,1,交岔路,小客車,A2,2
1001,1,交岔路,慢車,A2,2
1002,1,單路部分,機車,A2,1
1003,1,交岔路,小客車,A2,2
1004,0,交岔路,小客車,A2,2
1005,2,交岔路,機車,A2,0
1006,0,交岔路,機車,A2,0
1007,1,交岔路,機車,A2,0
1008,1,交岔路,機車,A2,0
1009,1,單路部分,機車,A2,1
1010,0,單路部分,機車,A2,1
1011,2,交岔路,機車,A2,0
1012,1,交岔路,機車,A2,0
1013,2,交岔路,小客車,A2,2
1014,2,單路部分,機車,A2,1
1015,1,單路部分,機車,A2,1
1016,0,交岔路,機車,A2,0
1017,0,交岔路,小客車,A2,2
1018,1,交岔路,機車,A2,0
1019,1,單路部分,小客車,A2,3
1020,1,交岔路,小客車,A2,2
1021,0,單路部分,機車,A2,1
1022,1,交岔路,機車,A2,0
1023,0,交岔路,機車,A2,0
1024,0,單路部分,機車,A2,1
1025,0,交岔路,小客車,A2,2
1026,0,單路部分,機車,A2,1
1027,0,單路部分,機車,A2,1
1028,2,交岔路,機車,A2,0
1029,2,交岔路,機車,A2,0
1030,0,交岔路,機車,A2,0
1031,1,單路部分,小客車,A2,3
1032,0,交岔路,機車,A2,0
1033,0,交岔路,機車,A2,0
1034,0,交岔路,機車,A2,0
1035,2,單路部分,機車,A2,1
1036,2,交岔路,機車,A2,0
1037,1,單路部分,人,A2,3
1038,0,交岔路,機車,A2,0
1039,2,單路部分,,A2,1
1040,2,交岔路,慢車,A2,2
1041,1,單路部分,機車,A2,1
1042,1,單路部分,機車,A2,1
1043,0,交岔路,機車,A2,0
1044,0,單路部分,小客車,A2,3
1045,2,交岔路,機車,A2,0
1046,1,交岔路,小客車,A2,2
1047,0,交岔路,機車,A2,0
1048,1,交岔路,小客車,A2,2
1049,0,單路部分,機車,A2,1
1050,2,單路部分,,A2,1
1051,2,單路部分,機車,A2,1
1052,0,交岔路,機車,A2,0
1053,1,交岔路,機車,A2,0
1054,2,交岔路,小客車,A2,2
1055,0,單路部分,機車,A2,1
1056,1,單路部分,機車,A2,1
1057,1,交岔路,小客車,A2,2
1058,1,交岔路,機車,A2,0
1059,1,交岔路,小客車,A2,2
1060,2,單路部分,機車,A2,1
1061,0,單路部分,機車,A2,1
1062,2,交岔路,小客車,A2,2
1063,2,交岔路,小客車,A2,2
1064,1,單路部分,機車,A2,1
1065,2,交岔路,機車,A2,0
1066,1,單路部分,機車,A2,1
1067,1,交岔路,小客車,A2,2
1068,0,單路部分,機車,A2,1
1069,1,交岔路,機車,A2,0
1070,1,交岔路,機車,A2,0
1071,0,交岔路,機車,A2,0
1072,0,交岔路,小客車,A2,2
1073,0,單路部分,機車,A2,1
1074,1,交岔路,機車,A2,0
1075,1,單路部分,小客車,A2,3
1076,2,交岔路,機車,A2,0
1077,2,交岔路,機車,A2,0
1078,1,交岔路,小客車,A2,2
1079,0,交岔路,機車,A2,0
1080,1,交岔路,小客車,A2,2
1081,1,交岔路,小客車,A2,2
1082,1,交岔路,機車,A2,0
1083,1,交岔路,機車,A2,0
1084,0,交岔路,機車,A2,0
1085,0,交岔路,小客車,A2,2
1086,0,交岔路,機車,A2,0
1087,1,單路部分,機車,A2,1
1088,1,交岔路,機車,A2,0
1089,1,交岔路,小客車,A2,2
1090,1,單路部分,機車,A2,1
1091,2,交岔路,小客車,A2,2
1092,0,交岔路,機車,A2,0
1093,1,交岔路,小客車,A2,2
1094,1,交岔路,機車,A2,0
1095,1,交岔路,小客車,A2,2
1096,0,交岔路,小客車,A2,2
1097,0,交岔路,小客車,A2,2
1098,2,單路部分,慢車,A2,3
1099,1,單路部分,小客車,A2,3
1100,2,交岔路,機車,A2,0
1101,2,單路部分,機車,A2,1
1102,0,交岔路,機車,A2,0
1103,1,單路部分,機車,A2,1
1104,1,交岔路,小客車,A2,2
1105,1,交岔路,機車,A2,0
1106,1,交岔路,小客車,A2,2
1107,2,交岔路,小客車,A2,2
1108,1,交岔路,小客車,A2,2
1109,1,交岔路,小客車,A2,2
1110,1,單路部分,機車,A2,1
1111,1,交岔路,小客車,A2,2
1112,0,單路部分,機車,A2,1
1113,0,單路部分,機車,A2,1
1114,1,交岔路,機車,A2,0
1115,1,交岔路,小貨車(含客、貨兩用),A2,2
1116,1,單路部分,小客車,A2,3
1117,1,交岔路,機車,A2,0
1118,1,交岔路,小客車,A2,2
1119,2,交岔路,小客車,A2,2
1120,1,交岔路,機車,A2,0
1121,1,交岔路,機車,A2,0
1122,1,交岔路,小客車,A2,2
1123,1,交岔路,小客車,A2,2
1124,1,單路部分,機車,A2,1
1125,0,交岔路,小客車,A2,2
1126,0,交岔路,機車,A2,0
1127,0,單路部分,機車,A2,1
1128,1,交岔路,小客車,A2,2
1129,1,單路部分,機車,A2,1
1130,0,交岔路,小客車,A2,2
1131,0,單路部分,機車,A2,1
1132,2,交岔路,小客車,A2,2
1133,1,交岔路,機車,A2,0
1134,0,交岔路,機車,A2,0
1135,0,單路部分,機車,A2,1
1136,0,交岔路,小客車,A2,2
1137,1,單路部分,機車,A2,1
1138,2,單路部分,機車,A2,1
1139,1,交岔路,小客車,A2,2
1140,2,交岔路,機車,A2,0
1141,1,交岔路,小貨車(含客、貨兩用),A2,2
1142,1,交岔路,小客車,A2,2
1143,1,交岔路,機車,A2,0
1144,1,交岔路,小客車,A2,2
1145,2,交岔路,機車,A2,0
1146,2,單路部分,機車,A2,1
1147,2,交岔路,機車,A2,0
1148,1,交岔路,機車,A2,0
1149,1,單路部分,機車,A2,1
1150,2,交岔路,小客車,A2,2
1151,0,單路部分,機車,A2,1
1152,1,交岔路,小客車,A2,2
1153,0,交岔路,機車,A2,0
1154,1,單路部分,小客車,A2,3
1155,1,交岔路,機車,A2,0
1156,1,交岔路,機車,A2,0
1157,0,單路部分,小客車,A2,3
1158,2,交岔路,機車,A2,0
1159,1,交岔路,小客車,A2,2
1160,1,交岔路,小客車,A2,2
1161,0,交岔路,慢車,A2,2
1162,0,單路部分,小客車,A2,3
1163,1,交岔路,小客車,A2,2
1164,1,交岔路,小客車,A2,2
1165,0,交岔路,機車,A2,0
1166,0,交岔路,機車,A2,0
1167,2,單路部分,小客車,A2,3
1168,0,交岔路,機車,A2,0
1169,0,單路部分,機車,A2,1
1170,1,單路部分,小客車,A2,3
1171,1,交岔路,機車,A2,0
1172,1,單路部分,機車,A2,1
1173,1,交岔路,機車,A2,0
1174,2,交岔路,機車,A2,0
1175,2,交岔路,機車,A2,0
1176,0,交岔路,機車,A2,0
1177,0,交岔路,機車,A2,0
1178,1,交岔路,機車,A2,0
1179,2,單路部分,小客車,A2,3
1180,1,交岔路,小客車,A2,2
1181,1,交岔路,機車,A2,0
1182,0,交岔路,機車,A2,0
1183,2,交岔路,機車,A2,0
1184,0,交岔路,機車,A2,0
1185,1,交岔路,機車,A2,0
1186,1,交岔路,機車,A2,0
1187,2,單路部分,,A2,1
1188,1,交岔路,小客車,A2,2
1189,2,交岔路,機車,A2,0
1190,0,單路部分,機車,A2,1
1191,1,單路部分,小客車,A2,3
1192,1,單路部分,小客車,A2,3
1193,1,單路部分,機車,A2,1
1194,0,交岔路,機車,A2,0
1195,1,交岔路,機車,A2,0
1196,1,交岔路,機車,A2,0
1197,0,交岔路,機車,A2,0
1198,1,單路部分,小客車,A2,3
1199,1,交岔路,小貨車(含客、貨兩用),A2,2
1200,2,單路部分,機車,A2,1
1201,2,交岔路,機車,A2,0
1202,1,交岔路,機車,A2,0
1203,2,交岔路,機車,A2,0
1204,0,單路部分,機車,A2,1
1205,2,單路部分,機車,A2,1
1206,1,單路部分,機車,A2,1
1207,2,交岔路,,A2,0
1208,1,交岔路,小客車,A2,2
1209,2,單路部分,機車,A2,1
1210,0,單路部分,機車,A2,1
1211,2,交岔路,小客車,A2,2
1212,1,交岔路,機車,A2,0
1213,2,單路部分,機車,A2,1
1214,0,單路部分,機車,A2,1
1215,0,單路部分,機車,A2,1
1216,1,交岔路,機車,A2,0
1217,1,單路部分,小客車,A2,3
1218,2,交岔路,機車,A2,0
1219,0,單路部分,機車,A2,1
1220,1,單路部分,機車,A2,1
1221,0,單路部分,機車,A2,1
1222,0,交岔路,機車,A2,0
1223,0,交岔路,小客車,A2,2
1224,2,交岔路,小客車,A2,2
1225,0,單路部分,機車,A2,1
1226,2,交岔路,小貨車(含客、貨兩用),A2,2
1227,2,交岔路,機車,A2,0
1228,0,單路部分,機車,A2,1
1229,0,交岔路,機車,A2,0
1230,1,交岔路,機車,A2,0
1231,2,交岔路,慢車,A2,2
1232,0,交岔路,機車,A2,0
1233,2,交岔路,機車,A2,0
1234,2,單路部分,機車,A2,1
1235,0,單路部分,小客車,A2,3
1236,1,交岔路,小客車,A2,2
1237,0,交岔路,機車,A2,0
1238,2,交岔路,小客車,A2,2
1239,2,交岔路,機車,A2,0
1240,0,交岔路,機車,A2,0
1241,1,單路部分,小客車,A2,3
1242,0,單路部分,機車,A2,1
1243,0,單路部分,機車,A2,1
1244,2,交岔路,小客車,A2,2
1245,2,單路部分,小貨車(含客、貨兩用),A2,3
1246,2,交岔路,機車,A2,0
1247,2,交岔路,機車,A2,0
1248,2,交岔路,,A2,0
1249,0,交岔路,機車,A2,0
1250,1,交岔路,小客車,A2,2
1251,0,交岔路,小客車,A2,2
1252,0,交岔路,機車,A2,0
1253,0,交岔路,機車,A2,0
1254,1,交岔路,小客車,A2,2
1255,1,單路部分,小客車,A2,3
1256,0,單路部分,小客車,A2,3
1257,0,交岔路,小客車,A2,2
1258,1,交岔路,機車,A2,0
1259,1,交岔路,小貨車(含客、貨兩用),A2,2
1260,0,單路部分,機車,A2,1
1261,2,交岔路,,A2,0
1262,1,交岔路,小客車,A2,2
1263,1,單路部分,小貨車(含客、貨兩用),A2,3
1264,2,交岔路,機車,A2,0
1265,0,交岔路,機車,A2,0
1266,1,交岔路,小客車,A2,2
1267,0,交岔路,機車,A2,0
1268,1,單路部分,機車,A2,1
1269,1,交岔路,小客車,A2,2
1270,0,單路部分,慢車,A2,3
1271,1,交岔路,機車,A2,0
1272,0,交岔路,機車,A2,0
1273,1,交岔路,機車,A2,0
1274,0,交岔路,機車,A2,0
1275,0,交岔路,機車,A2,0
1276,2,交岔路,機車,A2,0
1277,0,交岔路,機車,A2,0
1278,0,交岔路,慢車,A2,2
1279,1,交岔路,機車,A2,0
1280,2,交岔路,慢車,A2,2
1281,0,單路部分,機車,A2,1
1282,1,交岔路,機車,A2,0
1283,2,單路部分,慢車,A2,3
1284,2,交岔路,機車,A2,0
1285,0,交岔路,機車,A2,0
1286,1,交岔路,機車,A2,0
1287,0,交岔路,機車,A2,0
1288,1,單路部分,機車,A2,1
1289,1,單路部分,小客車,A2,3
1290,0,交岔路,小客車,A2,2
1291,0,交岔路,機車,A2,0
1292,1,交岔路,機車,A2,0
1293,0,交岔路,機車,A2,0
1294,1,交岔路,機車,A2,0
1295,1,交岔路,機車,A2,0
1296,2,交岔路,機車,A2,0
1297,0,交岔路,慢車,A2,2
1298,2,單路部分,機車,A2,1
1299,1,交岔路,機車,A2,0
1300,1,交岔路,機車,A2,0
1301,0,交岔路,機車,A2,0
1302,0,交岔路,機車,A2,0
1303,0,交岔路,機車,A2,0
1304,2,交岔路,機車,A2,0
1305,2,單路部分,慢車,A2,3
1306,1,交岔路,小客車,A2,2
1307,2,交岔路,,A2,0
1308,1,交岔路,小客車,A2,2
1309,2,單路部分,機車,A2,1
1310,2,交岔路,,A2,0
1311,1,交岔路,小客車,A2,2
1312,1,交岔路,小客車,A2,2
1313,1,交岔路,小客車,A2,2
1314,2,交岔路,其他車,A2,0
1315,2,單路部分,,A2,1
1316,1,單路部分,機車,A2,1
1317,0,交岔路,機車,A2,0
1318,0,單路部分,機車,A2,1
1319,1,交岔路,小客車,A2,2
1320,1,交岔路,小客車,A2,2
1321,2,交岔路,,A2,0
1322,1,交岔路,機車,A2,0
1323,0,交岔路,機車,A2,0
1324,1,單路部分,大客車,A2,1
1325,1,交岔路,機車,A2,0
1326,0,交岔路,機車,A2,0
1327,2,單路部分,,A2,1
1328,1,交岔路,機車,A2,0
1329,1,單路部分,機車,A2,1
1330,1,交岔路,機車,A2,0
1331,1,交岔路,機車,A2,0
1332,2,單路部分,小客車,A2,3
1333,1,交岔路,小客車,A2,2
1334,2,單路部分,,A2,1
1335,2,單路部分,小客車,A2,3
1336,0,交岔路,機車,A2,0
1337,0,交岔路,機車,A2,0
1338,1,交岔路,小客車,A2,2
1339,1,單路部分,機車,A2,1
1340,2,單路部分,機車,A2,1
1341,2,交岔路,慢車,A2,2
1342,0,交岔路,機車,A2,0
1343,0,交岔路,機車,A2,0
1344,1,交岔路,小客車,A2,2
1345,1,交岔路,機車,A2,0
1346,2,單路部分,機車,A2,1
1347,1,單路部分,慢車,A2,3
1348,1,交岔路,小客車,A2,2
1349,1,單路部分,機車,A2,1
1350,0,交岔路,小客車,A2,2
1351,1,交岔路,機車,A2,0
1352,0,單路部分,機車,A2,1
1353,0,交岔路,機車,A2,0
1354,1,交岔路,小貨車(含客、貨兩用),A2,2
1355,0,交岔路,機車,A2,0
1356,1,交岔路,機車,A2,0
1357,0,交岔路,機車,A2,0
1358,1,交岔路,機車,A2,0
1359,0,交岔路,小客車,A2,2
1360,2,交岔路,,A2,0
1361,1,交岔路,機車,A2,0
1362,1,交岔路,小貨車(含客、貨兩用),A2,2
1363,0,單路部分,機車,A2,1
1364,0,單路部分,機車,A2,1
1365,0,單路部分,小客車,A2,3
1366,2,交岔路,小客車,A2,2
1367,0,交岔路,機車,A2,0
1368,1,交岔路,機車,A2,0
1369,0,單路部分,機車,A2,1
1370,2,交岔路,機車,A2,0
1371,0,交岔路,小客車,A2,2
1372,0,單路部分,機車,A2,1
1373,0,單路部分,機車,A2,1
1374,1,交岔路,機車,A2,0
1375,1,單路部分,小客車,A2,3
1376,0,單路部分,機車,A2,1
1377,1,單路部分,機車,A2,1
1378,2,單路部分,機車,A2,1
1379,1,交岔路,機車,A2,0
1380,0,單路部分,機車,A2,1
1381,0,交岔路,機車,A2,0
1382,1,交岔路,機車,A2,0
1383,1,單路部分,機車,A2,1
1384,0,交岔路,機車,A2,0
1385,2,單路部分,小客車,A2,3
1386,0,交岔路,機車,A2,0
1387,1,單路部分,機車,A2,1
1388,0,交岔路,小客車,A2,2
1389,2,交岔路,小客車,A2,2
1390,1,單路部分,機車,A2,1
1391,1,交岔路,小客車,A2,2
1392,1,交岔路,機車,A2,0
1393,2,交岔路,,A2,0
1394,0,交岔路,機車,A2,0
1395,0,單路部分,機車,A2,1
1396,1,交岔路,小客車,A2,2
1397,0,交岔路,機車,A2,0
1398,1,交岔路,機車,A2,0
1399,0,單路部分,機車,A2,1
1400,1,交岔路,小客車,A2,2
1401,0,交岔路,小客車,A2,2
1402,2,單路部分,,A2,1
1403,2,交岔路,慢車,A2,2
1404,1,交岔路,小客車,A2,2
1405,2,交岔路,機車,A2,0
1406,2,交岔路,機車,A2,0
1407,1,單路部分,機車,A2,1
1408,1,交岔路,小客車,A2,2
1409,1,交岔路,大客車,A2,0
1410,0,交岔路,機車,A2,0
1411,0,交岔路,機車,A2,0
1412,0,單路部分,小客車,A2,3
1413,0,交岔路,機車,A2,0
1414,1,交岔路,機車,A2,0
1415,2,單路部分,機車,A2,1
1416,1,單路部分,機車,A2,1
1417,0,交岔路,機車,A2,0
1418,1,交岔路,機車,A2,0
1419,1,單路部分,機車,A2,1
1420,1,單路部分,機車,A2,1
1421,2,交岔路,機車,A2,0
1422,0,交岔路,機車,A2,0
1423,0,交岔路,機車,A2,0
1424,2,交岔路,機車,A2,0
1425,1,交岔路,小客車,A2,2
1426,0,交岔路,機車,A2,0
1427,1,單路部分,小客車,A2,3
1428,0,交岔路,機車,A2,0
1429,0,交岔路,小客車,A2,2
1430,1,交岔路,小客車,A2,2
1431,2,交岔路,機車,A2,0
1432,2,單路部分,機車,A2,1
1433,1,交岔路,機車,A2,0
1434,2,交岔路,機車,A2,0
1435,1,交岔路,小客車,A2,2
1436,2,交岔路,小客車,A2,2
1437,1,交岔路,機車,A2,0
1438,1,單路部分,機車,A2,1
1439,1,單路部分,機車,A2,1
1440,2,交岔路,小客車,A2,2
1441,0,交岔路,小客車,A2,2
1442,1,單路部分,機車,A2,1
1443,1,單路部分,小客車,A2,3
1444,0,單路部分,機車,A2,1
1445,0,交岔路,機車,A2,0
1446,1,交岔路,機車,A2,0
1447,1,交岔路,小客車,A2,2
1448,1,交岔路,慢車,A2,2
1449,1,交岔路,小客車,A2,2
1450,0,交岔路,機車,A2,0
1451,1,交岔路,小貨車(含客、貨兩用),A2,2
1452,1,單路部分,曳引車,A2,1
1453,1,交岔路,機車,A2,0
1454,2,交岔路,慢車,A2,2
1455,1,單路部分,機車,A2,1
1456,1,交岔路,機車,A2,0
1457,1,交岔路,小客車,A2,2
1458,0,單路部分,機車,A2,1
1459,0,交岔路,機車,A2,0
1460,2,交岔路,機車,A2,0
1461,0,單路部分,機車,A2,1
1462,1,交岔路,機車,A2,0
1463,1,單路部分,機車,A2,1
1464,1,單路部分,機車,A2,1
1465,2,交岔路,小客車,A2,2
1466,1,交岔路,機車,A2,0
1467,2,交岔路,機車,A2,0
1468,2,交岔路,機車,A2,0
1469,1,單路部分,小客車,A2,3
1470,0,單路部分,機車,A2,1
1471,1,交岔路,機車,A2,0
1472,0,交岔路,機車,A2,0
1473,0,交岔路,機車,A2,0
1474,2,交岔路,機車,A2,0
1475,1,交岔路,機車,A2,0
1476,0,單路部分,機車,A2,1
1477,1,交岔路,慢車,A2,2
1478,1,交岔路,機車,A2,0
1479,2,單路部分,機車,A2,1
1480,1,單路部分,機車,A2,1
1481,1,交岔路,小客車,A2,2
1482,0,交岔路,機車,A2,0
1483,1,單路部分,機車,A2,1
1484,1,交岔路,機車,A2,0
1485,1,交岔路,小客車,A2,2
1486,2,單路部分,機車,A2,1
1487,1,交岔路,小客車,A2,2
1488,0,單路部分,機車,A2,1
1489,1,交岔路,機車,A2,0
1490,0,交岔路,機車,A2,0
1491,2,交岔路,機車,A2,0
1492,1,單路部分,機車,A2,1
1493,0,交岔路,機車,A2,0
1494,1,單路部分,機車,A2,1
1495,2,交岔路,小客車,A2,2
1496,0,交岔路,小客車,A2,2
1497,2,交岔路,機車,A2,0
1498,2,單路部分,機車,A2,1
1499,0,交岔路,機車,A2,0
1500,0,交岔路,機車,A2,0
1501,1,交岔路,機車,A2,0
1502,1,交岔路,機車,A2,0
1503,0,交岔路,機車,A2,0
1504,1,交岔路,機車,A2,0
1505,1,交岔路,機車,A2,0
1506,0,交岔路,機車,A2,0
1507,1,單路部分,小客車,A2,3
1508,1,交岔路,小客車,A2,2
1509,1,交岔路,機車,A2,0
1510,0,單路部分,小客車,A2,3
1511,2,單路部分,機車,A2,1
1512,2,交岔路,機車,A2,0
1513,2,交岔路,機車,A2,0
1514,0,交岔路,機車,A2,0
1515,1,交岔路,小客車,A2,2
1516,1,單路部分,小客車,A2,3
1517,0,單路部分,小貨車(含客、貨兩用),A2,3
1518,1,交岔路,機車,A2,0
1519,1,交岔路,小客車,A2,2
1520,2,交岔路,機車,A2,0
1521,1,交岔路,小客車,A2,2
1522,1,交岔路,小客車,A2,2
1523,1,單路部分,小客車,A2,3
1524,0,交岔路,小客車,A2,2
1525,1,交岔路,機車,A2,0
1526,1,交岔路,機車,A2,0
1527,1,交岔路,機車,A2,0
1528,1,交岔路,機車,A2,0
1529,1,交岔路,小客車,A2,2
1530,2,單路部分,,A2,1
1531,2,交岔路,機車,A2,0
1532,1,單路部分,機車,A2,1
1533,2,單路部分,機車,A2,1
1534,1,單路部分,機車,A2,1
1535,2,交岔路,機車,A2,0
1536,2,交岔路,小客車,A2,2
1537,1,交岔路,機車,A2,0
1538,1,交岔路,機車,A2,0
1539,1,交岔路,小客車,A2,2
1540,1,交岔路,小客車,A2,2
1541,1,交岔路,機車,A2,0
1542,0,單路部分,機車,A2,1
1543,1,交岔路,機車,A2,0
1544,2,單路部分,機車,A2,1
1545,0,交岔路,慢車,A2,2
1546,2,交岔路,機車,A2,0
1547,1,交岔路,機車,A2,0
1548,0,交岔路,小客車,A2,2
1549,1,單路部分,小客車,A2,3
1550,0,交岔路,機車,A2,0
1551,1,交岔路,小客車,A2,2
1552,1,交岔路,機車,A2,0
1553,1,交岔路,小客車,A2,2
1554,1,交岔路,機車,A2,0
1555,2,交岔路,小客車,A2,2
1556,2,交岔路,機車,A2,0
1557,2,單路部分,小貨車(含客、貨兩用),A2,3
1558,0,交岔路,機車,A2,0
1559,2,交岔路,小客車,A2,2
1560,1,單路部分,小客車,A2,3
1561,1,交岔路,機車,A2,0
1562,0,交岔路,機車,A2,0
1563,1,交岔路,小貨車(含客、貨兩用),A2,2
1564,1,交岔路,小客車,A2,2
1565,2,交岔路,機車,A2,0
1566,2,交岔路,機車,A2,0
1567,1,單路部分,機車,A2,1
1568,2,交岔路,機車,A2,0
1569,2,交岔路,機車,A2,0
1570,1,交岔路,小客車,A2,2
1571,2,交岔路,小客車,A2,2
1572,2,單路部分,小客車,A2,3
1573,1,單路部分,機車,A2,1
1574,1,單路部分,機車,A2,1
1575,1,單路部分,機車,A2,1
1576,1,交岔路,機車,A2,0
1577,0,交岔路,機車,A2,0
1578,0,單路部分,小客車,A2,3
1579,2,單路部分,慢車,A2,3
1580,1,交岔路,機車,A2,0
1581,1,交岔路,機車,A2,0
1582,2,交岔路,,A2,0
1583,1,交岔路,機車,A2,0
1584,0,單路部分,機車,A2,1
1585,0,單路部分,機車,A2,1
1586,1,交岔路,機車,A2,0
1587,0,交岔路,機車,A2,0
1588,0,單路部分,機車,A2,1
1589,2,交岔路,機車,A2,0
1590,2,交岔路,機車,A2,0
1591,2,交岔路,小客車,A2,2
1592,0,交岔路,小客車,A2,2
1593,1,交岔路,機車,A2,0
1594,2,交岔路,小客車,A2,2
1595,0,交岔路,機車,A2,0
1596,1,單路部分,小貨車(含客、貨兩用),A2,3
1597,1,單路部分,小客車,A2,3
1598,0,交岔路,小客車,A2,2
1599,0,交岔路,機車,A2,0
1600,2,交岔路,小客車,A2,2
1601,2,交岔路,機車,A2,0
1602,1,單路部分,小客車,A2,3
1603,1,單路部分,機車,A2,1
1604,0,交岔路,機車,A2,0
1605,1,單路部分,小貨車(含客、貨兩用),A2,3
1606,2,交岔路,機車,A2,0
1607,2,交岔路,機車,A2,0
1608,1,交岔路,機車,A2,0
1609,1,交岔路,機車,A2,0
1610,1,交岔路,小客車,A2,2
1611,1,單路部分,機車,A2,1
1612,1,交岔路,機車,A2,0
1613,1,交岔路,機車,A2,0
1614,0,交岔路,機車,A2,0
1615,0,單路部分,機車,A2,1
1616,1,交岔路,機車,A2,0
1617,1,單路部分,機車,A2,1
1618,1,交岔路,小客車,A2,2
1619,0,單路部分,機車,A2,1
1620,1,單路部分,小貨車(含客、貨兩用),A2,3
1621,0,交岔路,機車,A2,0
1622,2,交岔路,小客車,A2,2
1623,0,交岔路,機車,A2,0
1624,2,交岔路,小客車,A2,2
1625,2,單路部分,機車,A2,1
1626,0,交岔路,機車,A2,0
1627,0,交岔路,機車,A2,0
1628,2,交岔路,機車,A2,0
1629,1,交岔路,小客車,A2,2
1630,2,單路部分,機車,A2,1
1631,0,單路部分,機車,A2,1
1632,1,交岔路,小客車,A2,2
1633,1,單路部分,小客車,A2,3
1634,0,交岔路,機車,A2,0
1635,1,單路部分,機車,A2,1
1636,0,交岔路,機車,A2,0
1637,2,單路部分,機車,A2,1
1638,2,交岔路,機車,A2,0
1639,1,單路部分,小客車,A2,3
1640,0,單路部分,機車,A2,1
1641,1,單路部分,小貨車(含客、貨兩用),A2,3
1642,1,單路部分,機車,A2,1
1643,1,單路部分,機車,A2,1
1644,2,交岔路,機車,A2,0
1645,1,單路部分,小客車,A2,3
1646,2,交岔路,小客車,A2,2
1647,2,單路部分,機車,A2,1
1648,2,交岔路,機車,A2,0
1649,1,單路部分,大貨車,A2,1
1650,2,交岔路,小貨車(含客、貨兩用),A2,2
1651,1,單路部分,機車,A2,1
1652,0,交岔路,小客車,A2,2
1653,1,交岔路,機車,A2,0
1654,0,單路部分,機車,A2,1
1655,1,單路部分,小客車,A2,3
1656,0,單路部分,機車,A2,1
1657,1,交岔路,機車,A2,0
1658,1,單路部分,機車,A2,1
1659,1,交岔路,機車,A2,0
1660,1,交岔路,機車,A2,0
1661,2,單路部分,,A2,1
1662,1,單路部分,小貨車(含客、貨兩用),A2,3
1663,0,交岔路,機車,A2,0
1664,1,交岔路,機車,A2,0
1665,0,單路部分,機車,A2,1
1666,0,交岔路,機車,A2,0
1667,2,單路部分,機車,A2,1
1668,1,交岔路,機車,A2,0
1669,1,交岔路,小客車,A2,2
1670,0,單路部分,機車,A2,1
1671,0,單路部分,機車,A2,1
1672,0,交岔路,機車,A2,0
1673,0,單路部分,慢車,A2,3
1674,0,單路部分,機車,A2,1
1675,0,交岔路,機車,A2,0
1676,0,交岔路,小客車,A2,2
1677,0,交岔路,小客車,A2,2
1678,2,交岔路,機車,A2,0
1679,1,單路部分,小客車,A2,3
1680,1,交岔路,小客車,A2,2
1681,2,單路部分,機車,A2,1
1682,2,單路部分,小貨車(含客、貨兩用),A2,3
1683,0,交岔路,機車,A2,0
1684,0,交岔路,機車,A2,0
1685,0,交岔路,機車,A2,0
1686,1,單路部分,機車,A2,1
1687,1,交岔路,小客車,A2,2
1688,2,交岔路,機車,A2,0
1689,1,交岔路,小客車,A2,2
1690,1,單路部分,機車,A2,1
1691,0,交岔路,小客車,A2,2
1692,1,交岔路,小客車,A2,2
1693,2,交岔路,小客車,A2,2
1694,0,交岔路,機車,A2,0
1695,0,交岔路,機車,A2,0
1696,2,交岔路,,A2,0
1697,0,交岔路,小客車,A2,2
1698,0,交岔路,機車,A2,0
1699,1,交岔路,機車,A2,0
1700,1,單路部分,機車,A2,1
1701,1,交岔路,小客車,A2,2
1702,1,單路部分,機車,A2,1
1703,2,交岔路,機車,A2,0
1704,2,交岔路,小貨車(含客、貨兩用),A2,2
1705,1,單路部分,機車,A2,1
1706,0,交岔路,機車,A2,0
1707,1,交岔路,小客車,A2,2
1708,2,交岔路,小客車,A2,2
1709,0,交岔路,機車,A2,0
1710,1,交岔路,機車,A2,0
1711,1,單路部分,小客車,A2,3
1712,1,交岔路,小客車,A2,2
1713,1,交岔路,機車,A2,0
1714,1,交岔路,機車,A2,0
1715,1,交岔路,機車,A2,0
1716,1,單路部分,機車,A2,1
1717,1,單路部分,機車,A2,1
1718,0,交岔路,機車,A2,0
1719,0,單路部分,機車,A2,1
1720,2,交岔路,小客車,A2,2
1721,1,單路部分,小客車,A2,3
1722,2,交岔路,小客車,A2,2
1723,1,交岔路,機車,A2,0
1724,1,交岔路,機車,A2,0
1725,0,單路部分,機車,A2,1
1726,0,交岔路,機車,A2,0
1727,2,單路部分,慢車,A2,3
1728,0,交岔路,機車,A2,0
1729,2,單路部分,機車,A2,1
1730,0,單路部分,機車,A2,1
1731,1,交岔路,機車,A2,0
1732,0,單路部分,機車,A2,1
1733,1,交岔路,機車,A2,0
1734,0,交岔路,機車,A2,0
1735,0,交岔路,機車,A2,0
1736,0,單路部分,機車,A2,1
1737,1,單路部分,機車,A2,1
1738,1,單路部分,機車,A2,1
1739,2,交岔路,小客車,A2,2
1740,0,單路部分,小客車,A2,3
1741,0,單路部分,慢車,A2,3
1742,2,單路部分,機車,A2,1
1743,0,交岔路,小客車,A2,2
1744,1,單路部分,機車,A2,1
1745,0,單路部分,機車,A2,1
1746,2,單路部分,,A2,1
1747,1,單路部分,機車,A2,1
1748,0,交岔路,機車,A2,0
1749,0,交岔路,機車,A2,0
1750,1,交岔路,機車,A2,0
1751,1,單路部分,小貨車(含客、貨兩用),A2,3
1752,2,交岔路,小貨車(含客、貨兩用),A2,2
1753,2,交岔路,機車,A2,0
1754,0,單路部分,小客車,A2,3
1755,0,交岔路,機車,A2,0
1756,0,單路部分,人,A2,3
1757,0,交岔路,機車,A2,0
1758,2,交岔路,機車,A2,0
1759,0,單路部分,機車,A2,1
1760,0,交岔路,機車,A2,0
1761,2,單路部分,機車,A2,1
1762,1,交岔路,機車,A2,0
1763,2,單路部分,機車,A2,1
1764,1,交岔路,小客車,A2,2
1765,0,交岔路,機車,A2,0
1766,0,單路部分,機車,A2,1
1767,1,交岔路,小客車,A2,2
1768,0,交岔路,機車,A2,0
1769,1,交岔路,機車,A2,0
1770,0,單路部分,機車,A2,1
1771,0,交岔路,機車,A2,0
1772,1,交岔路,機車,A2,0
1773,1,單路部分,機車,A2,1
1774,1,交岔路,機車,A2,0
1775,2,交岔路,機車,A2,0
1776,2,交岔路,小客車,A2,2
1777,1,交岔路,小客車,A2,2
1778,2,單路部分,機車,A2,1
1779,0,單路部分,機車,A2,1
1780,2,單路部分,機車,A2,1
1781,0,單路部分,機車,A2,1
1782,1,交岔路,機車,A2,0
1783,1,交岔路,機車,A2,0
1784,0,交岔路,機車,A2,0
1785,1,單路部分,機車,A2,1
1786,0,交岔路,機車,A2,0
1787,1,交岔路,機車,A2,0
1788,1,單路部分,機車,A2,1
1789,1,單路部分,機車,A2,1
1790,0,單路部分,機車,A2,1
1791,2,交岔路,小客車,A2,2
1792,1,交岔路,機車,A2,0
1793,1,交岔路,小客車,A2,2
1794,1,交岔路,機車,A2,0
1795,0,單路部分,機車,A2,1
1796,1,交岔路,小客車,A2,2
1797,1,交岔路,小客車,A2,2
1798,0,交岔路,機車,A2,0
1799,0,單路部分,機車,A2,1
1800,0,交岔路,機車,A2,0
1801,2,單路部分,機車,A2,1
1802,2,交岔路,小客車,A2,2
1803,0,交岔路,機車,A2,0
1804,1,交岔路,小客車,A2,2
1805,2,交岔路,機車,A2,0
1806,1,交岔路,小客車,A2,2
1807,1,單路部分,機車,A2,1
1808,2,交岔路,,A2,0
1809,1,交岔路,機車,A2,0
1810,2,單路部分,小客車,A2,3
1811,0,交岔路,機車,A2,0
1812,2,交岔路,機車,A2,0
1813,1,交岔路,機車,A2,0
1814,0,交岔路,機車,A2,0
1815,2,交岔路,小客車,A2,2
1816,0,單路部分,小貨車(含客、貨兩用),A2,3
1817,1,單路部分,小客車,A2,3
1818,2,單路部分,機車,A2,1
1819,1,交岔路,小客車,A2,2
1820,2,交岔路,小客車,A2,2
1821,2,交岔路,機車,A2,0
1822,1,單路部分,小客車,A2,3
1823,1,交岔路,機車,A2,0
1824,1,交岔路,機車,A2,0
1825,1,交岔路,機車,A2,0
1826,1,交岔路,機車,A2,0
1827,2,交岔路,,A2,0
1828,2,交岔路,機車,A2,0
1829,0,交岔路,機車,A2,0
1830,2,單路部分,人,A2,3
1831,2,交岔路,機車,A2,0
1832,0,交岔路,小客車,A2,2
1833,0,交岔路,小客車,A2,2
1834,0,交岔路,機車,A2,0
1835,1,交岔路,小貨車(含客、貨兩用),A2,2
1836,1,交岔路,小客車,A2,2
1837,0,交岔路,機車,A2,0
1838,1,單路部分,慢車,A2,3
1839,2,單路部分,,A2,1
1840,2,交岔路,機車,A2,0
1841,1,交岔路,小貨車(含客、貨兩用),A2,2
1842,1,單路部分,機車,A2,1
1843,0,交岔路,機車,A2,0
1844,1,交岔路,機車,A2,0
1845,0,交岔路,機車,A2,0
1846,1,單路部分,機車,A2,1
1847,1,交岔路,小客車,A2,2
1848,2,單路部分,機車,A2,1
1849,0,單路部分,小客車,A2,3
1850,2,交岔路,機車,A2,0
1851,1,交岔路,機車,A2,0
1852,1,單路部分,機車,A2,1
1853,1,單路部分,機車,A2,1
1854,1,交岔路,小客車,A2,2
1855,2,單路部分,,A2,1
1856,1,交岔路,機車,A2,0
1857,0,單路部分,機車,A2,1
1858,2,單路部分,人,A2,3
1859,0,交岔路,機車,A2,0
1860,0,單路部分,機車,A2,1
1861,2,交岔路,機車,A2,0
1862,1,交岔路,大客車,A2,0
1863,1,交岔路,小客車,A2,2
1864,0,單路部分,機車,A2,1
1865,1,單路部分,大貨車,A2,1
1866,2,交岔路,,A2,0
1867,1,單路部分,小客車,A2,3
1868,0,交岔路,機車,A2,0
1869,0,單路部分,機車,A2,1
1870,2,單路部分,,A2,1
1871,2,單路部分,機車,A2,1
1872,0,交岔路,機車,A2,0
1873,2,交岔路,,A2,0
1874,1,單路部分,小客車,A2,3
1875,1,單路部分,小客車,A2,3
1876,1,交岔路,小客車,A2,2
1877,1,交岔路,大客車,A2,0
1878,2,交岔路,機車,A2,0
1879,2,交岔路,機車,A2,0
1880,2,交岔路,小客車,A2,2
1881,1,交岔路,小客車,A2,2
1882,1,交岔路,機車,A2,0
1883,0,交岔路,機車,A2,0
1884,0,交岔路,小客車,A2,2
1885,2,交岔路,小客車,A2,2
1886,1,交岔路,機車,A2,0
1887,0,交岔路,慢車,A2,2
1888,0,交岔路,小客車,A2,2
1889,0,交岔路,小客車,A2,2
1890,0,交岔路,機車,A2,0
1891,2,單路部分,小客車,A2,3
1892,0,單路部分,機車,A2,1
1893,1,交岔路,機車,A2,0
1894,1,交岔路,機車,A2,0
1895,2,單路部分,小客車,A2,3
1896,2,交岔路,,A2,0
1897,1,交岔路,小客車,A2,2
1898,2,交岔路,小客車,A2,2
1899,1,交岔路,小客車,A2,2
1900,2,交岔路,小客車,A2,2
1901,2,交岔路,機車,A2,0
1902,1,交岔路,小客車,A2,2
1903,1,單路部分,小客車,A2,3
1904,1,交岔路,機車,A2,0
1905,1,單路部分,機車,A2,1
1906,1,單路部分,小客車,A2,3
1907,2,單路部分,機車,A2,1
1908,1,交岔路,機車,A2,0
1909,2,交岔路,小客車,A2,2
1910,0,單路部分,小客車,A2,3
1911,2,交岔路,機車,A2,0
1912,2,交岔路,,A2,0
1913,1,單路部分,小客車,A2,3
1914,0,單路部分,機車,A2,1
1915,1,單路部分,機車,A2,1
1916,1,交岔路,小客車,A2,2
1917,2,交岔路,,A2,0
1918,1,單路部分,小客車,A2,3
1919,1,交岔路,小客車,A2,2
1920,1,交岔路,小客車,A2,2
1921,1,單路部分,小客車,A2,3
1922,1,交岔路,小客車,A2,2
1923,1,單路部分,慢車,A2,3
1924,1,單路部分,小客車,A2,3
1925,0,單路部分,機車,A2,1
1926,1,交岔路,小客車,A2,2
1927,2,交岔路,,A2,0
1928,1,交岔路,機車,A2,0
1929,0,單路部分,機車,A2,1
1930,2,單路部分,,A2,1
1931,0,交岔路,機車,A2,0
1932,0,交岔路,機車,A2,0
1933,1,交岔路,小客車,A2,2
1934,2,交岔路,小貨車(含客、貨兩用),A2,2
1935,1,交岔路,機車,A2,0
1936,1,單路部分,小客車,A2,3
1937,0,交岔路,機車,A2,0
1938,2,交岔路,小貨車(含客、貨兩用),A2,2
1939,2,交岔路,機車,A2,0
1940,1,交岔路,機車,A2,0
1941,0,交岔路,機車,A2,0
1942,2,交岔路,機車,A2,0
1943,1,交岔路,小客車,A2,2
1944,0,交岔路,機車,A2,0
1945,2,交岔路,機車,A2,0
1946,1,交岔路,機車,A2,0
1947,2,交岔路,機車,A2,0
1948,2,交岔路,慢車,A2,2
1949,1,單路部分,小客車,A2,3
1950,1,單路部分,機車,A2,1
1951,1,交岔路,機車,A2,0
1952,2,交岔路,小客車,A2,2
1953,0,交岔路,機車,A2,0
1954,2,交岔路,機車,A2,0
1955,1,單路部分,機車,A2,1
1956,0,交岔路,機車,A2,0
1957,1,交岔路,小客車,A2,2
1958,0,交岔路,機車,A2,0
1959,0,交岔路,機車,A2,0
1960,1,交岔路,機車,A2,0
1961,2,交岔路,機車,A2,0
1962,2,單路部分,機車,A2,1
1963,0,單路部分,機車,A2,1
1964,1,交岔路,機車,A2,0
1965,1,交岔路,機車,A2,0
1966,1,交岔路,機車,A2,0
1967,0,交岔路,機車,A2,0
1968,0,交岔路,小客車,A2,2
1969,1,交岔路,小客車,A2,2
1970,0,單路部分,機車,A2,1
1971,2,交岔路,機車,A2,0
1972,0,交岔路,機車,A2,0
1973,1,交岔路,機車,A2,0
1974,1,交岔路,機車,A2,0
1975,1,交岔路,機車,A2,0
1976,0,交岔路,機車,A2,0
1977,2,交岔路,機車,A2,0
1978,0,交岔路,機車,A2,0
1979,1,交岔路,小客車,A2,2
1980,1,交岔路,小客車,A2,2
1981,2,單路部分,,A2,1
1982,0,交岔路,機車,A2,0
1983,2,單路部分,慢車,A2,3
1984,0,單路部分,機車,A2,1
1985,2,交岔路,機車,A2,0
1986,2,交岔路,小客車,A2,2
1987,1,單路部分,機車,A2,1
1988,2,交岔路,機車,A2,0
1989,0,單路部分,機車,A2,1
1990,0,交岔路,機車,A2,0
1991,1,交岔路,機車,A2,0
1992,1,交岔路,機車,A2,0
1993,1,交岔路,機車,A2,0
1994,1,交岔路,機車,A2,0
1995,0,交岔路,小客車,A2,2
1996,0,交岔路,機車,A2,0
1997,1,單路部分,小客車,A2,3
1998,1,單路部分,機車,A2,1
1999,2,交岔路,機車,A2,0
2000,0,交岔路,機車,A2,0
2001,1,交岔路,機車,A2,0
2002,0,交岔路,機車,A2,0
2003,0,單路部分,機車,A2,1
2004,2,單路部分,機車,A2,1
2005,0,單路部分,小客車,A2,3
2006,2,交岔路,機車,A2,0
2007,0,交岔路,機車,A2,0
2008,0,交岔路,機車,A2,0
2009,0,交岔路,機車,A2,0
2010,2,交岔路,小客車,A2,2
2011,1,單路部分,機車,A2,1
2012,0,單路部分,小客車,A2,3
2013,1,單路部分,機車,A2,1
2014,1,交岔路,機車,A2,0
2015,1,交岔路,機車,A2,0
2016,1,交岔路,機車,A2,0
2017,1,單路部分,機車,A2,1
2018,2,單路部分,小客車,A2,3
2019,1,單路部分,小客車,A2,3
2020,1,單路部分,機車,A2,1
2021,2,單路部分,小客車,A2,3
2022,0,交岔路,機車,A2,0
2023,1,單路部分,機車,A2,1
2024,0,交岔路,機車,A2,0
2025,2,單路部分,機車,A2,1
2026,2,交岔路,機車,A2,0
2027,0,交岔路,機車,A2,0
2028,1,交岔路,機車,A2,0
2029,0,交岔路,小客車,A2,2
2030,1,交岔路,機車,A2,0
2031,1,交岔路,機車,A2,0
2032,1,交岔路,小客車,A2,2
2033,1,單路部分,小客車,A2,3
2034,1,交岔路,小客車,A2,2
2035,0,交岔路,小客車,A2,2
2036,2,交岔路,機車,A2,0
2037,1,單路部分,機車,A2,1
2038,1,單路部分,小客車,A2,3
2039,1,單路部分,機車,A2,1
2040,1,交岔路,機車,A2,0
2041,0,交岔路,機車,A2,0
2042,2,交岔路,機車,A2,0
2043,2,交岔路,機車,A2,0
2044,0,單路部分,機車,A2,1
2045,1,交岔路,機車,A2,0
2046,1,交岔路,機車,A2,0
2047,1,單路部分,小客車,A2,3
2048,2,交岔路,小客車,A2,2
2049,0,交岔路,小客車,A2,2
2050,0,單路部分,機車,A2,1
2051,2,交岔路,小客車,A2,2
2052,1,交岔路,機車,A2,0
2053,2,交岔路,機車,A2,0
2054,1,交岔路,機車,A2,0
2055,1,單路部分,,A2,1
2056,2,交岔路,小客車,A2,2
2057,1,單路部分,,A2,1
2058,0,交岔路,慢車,A2,2
2059,0,單路部分,機車,A2,1
2060,2,交岔路,小客車,A2,2
2061,0,交岔路,機車,A2,0
2062,1,交岔路,小客車,A2,2
2063,1,交岔路,小客車,A2,2
2064,1,交岔路,小客車,A2,2
2065,1,交岔路,機車,A2,0
2066,2,單路部分,機車,A2,1
2067,1,交岔路,小貨車(含客、貨兩用),A2,2
2068,1,交岔路,機車,A2,0
2069,2,單路部分,機車,A2,1
2070,0,單路部分,機車,A2,1
2071,2,單路部分,小客車,A2,3
2072,0,交岔路,機車,A2,0
2073,1,單路部分,小客車,A2,3
2074,2,單路部分,機車,A2,1
2075,0,單路部分,小客車,A2,3
2076,1,交岔路,,A2,0
2077,1,交岔路,小客車,A2,2
2078,0,交岔路,機車,A2,0
2079,0,交岔路,機車,A2,0
2080,1,交岔路,機車,A2,0
2081,2,交岔路,機車,A2,0
2082,2,交岔路,機車,A2,0
2083,1,交岔路,機車,A2,0
2084,1,單路部分,小貨車(含客、貨兩用),A2,3
2085,1,交岔路,機車,A2,0
2086,1,交岔路,機車,A2,0
2087,0,單路部分,小客車,A2,3
2088,0,交岔路,機車,A2,0
2089,1,交岔路,機車,A2,0
2090,0,交岔路,機車,A2,0
2091,0,單路部分,機車,A2,1
2092,1,交岔路,小客車,A2,2
2093,1,單路部分,小客車,A2,3
2094,1,交岔路,小客車,A2,2
2095,2,交岔路,機車,A2,0
2096,1,交岔路,小客車,A2,2
2097,0,單路部分,機車,A2,1
2098,1,交岔路,機車,A2,0
2099,1,交岔路,小客車,A2,2
2100,0,交岔路,機車,A2,0
2101,2,交岔路,小客車,A2,2
2102,1,交岔路,機車,A2,0
2103,1,交岔路,機車,A2,0
2104,2,單路部分,小客車,A2,3
2105,0,單路部分,小客車,A2,3
2106,0,單路部分,機車,A2,1
2107,0,交岔路,機車,A2,0
2108,0,交岔路,機車,A2,0
2109,0,交岔路,機車,A2,0
2110,0,單路部分,機車,A2,1
2111,0,單路部分,機車,A2,1
2112,1,交岔路,小客車,A2,2
2113,0,單路部分,機車,A2,1
2114,0,交岔路,機車,A2,0
2115,1,單路部分,小客車,A2,3
2116,1,單路部分,機車,A2,1
2117,0,交岔路,小客車,A2,2
2118,0,單路部分,機車,A2,1
2119,0,單路部分,小貨車(含客、貨兩用),A2,3
2120,1,單路部分,機車,A2,1
2121,1,交岔路,小貨車(含客、貨兩用),A2,2
2122,2,單路部分,機車,A2,1
2123,2,單路部分,機車,A2,1
2124,1,交岔路,機車,A2,0
2125,2,單路部分,機車,A2,1
2126,1,交岔路,小客車,A2,2
2127,0,單路部分,機車,A2,1
2128,0,交岔路,機車,A2,0
2129,0,單路部分,機車,A2,1
2130,0,交岔路,小客車,A2,2
2131,0,單路部分,機車,A2,1
2132,1,單路部分,機車,A2,1
2133,1,交岔路,機車,A2,0
2134,1,單路部分,機車,A2,1
2135,2,交岔路,機車,A2,0
2136,1,交岔路,機車,A2,0
2137,1,單路部分,機車,A2,1
2138,1,交岔路,小客車,A2,2
2139,1,交岔路,機車,A2,0
2140,2,交岔路,小客車,A2,2
2141,0,單路部分,機車,A2,1
2142,1,交岔路,機車,A2,0
2143,2,單路部分,小客車,A2,3
2144,1,交岔路,機車,A2,0
2145,0,交岔路,機車,A2,0
2146,0,交岔路,機車,A2,0
2147,2,單路部分,機車,A2,1
2148,2,交岔路,機車,A2,0
2149,1,交岔路,機車,A2,0
2150,0,交岔路,機車,A2,0
2151,1,交岔路,機車,A2,0
2152,1,交岔路,機車,A2,0
2153,0,交岔路,機車,A2,0
2154,1,交岔路,機車,A2,0
2155,0,交岔路,機車,A2,0
2156,2,交岔路,小客車,A2,2
2157,2,交岔路,機車,A2,0
2158,1,單路部分,小客車,A2,3
2159,1,單路部分,小客車,A2,3
2160,0,單路部分,機車,A2,1
2161,0,單路部分,小貨車(含客、貨兩用),A2,3
2162,2,交岔路,,A2,0
2163,1,交岔路,機車,A2,0
2164,2,單路部分,慢車,A2,3
2165,1,交岔路,機車,A2,0
2166,0,交岔路,小客車,A2,2
2167,2,單路部分,機車,A2,1
2168,0,交岔路,機車,A2,0
2169,1,單路部分,機車,A2,1
2170,2,交岔路,小客車,A2,2
2171,1,交岔路,小客車,A2,2
2172,1,交岔路,機車,A2,0
2173,2,單路部分,機車,A2,1
2174,1,交岔路,機車,A2,0
2175,1,單路部分,機車,A2,1
2176,0,交岔路,機車,A2,0
2177,2,交岔路,機車,A2,0
2178,2,單路部分,,A2,1
2179,0,單路部分,機車,A2,1
2180,0,交岔路,機車,A2,0
2181,1,交岔路,小客車,A2,2
2182,1,交岔路,機車,A2,0
2183,2,交岔路,機車,A2,0
2184,2,單路部分,機車,A2,1
2185,0,交岔路,慢車,A2,2
2186,1,交岔路,小客車,A2,2
2187,2,交岔路,機車,A2,0
2188,1,交岔路,機車,A2,0
2189,2,交岔路,機車,A2,0
2190,0,單路部分,機車,A2,1
2191,1,交岔路,小客車,A2,2
2192,2,單路部分,小客車,A2,3
2193,0,交岔路,機車,A2,0
2194,2,單路部分,機車,A2,1
2195,1,單路部分,機車,A2,1
2196,0,交岔路,機車,A2,0
2197,1,交岔路,小客車,A2,2
2198,1,交岔路,小客車,A2,2
2199,0,交岔路,機車,A2,0
2200,1,單路部分,小客車,A2,3
2201,1,單路部分,機車,A2,1
2202,0,交岔路,小客車,A2,2
2203,1,交岔路,機車,A2,0
2204,1,交岔路,小客車,A2,2
2205,0,單路部分,機車,A2,1
2206,0,交岔路,機車,A2,0
2207,1,單路部分,機車,A2,1
2208,1,單路部分,小客車,A2,3
2209,0,交岔路,機車,A2,0
2210,2,交岔路,機車,A2,0
2211,0,單路部分,機車,A2,1
2212,2,單路部分,機車,A2,1
2213,1,交岔路,機車,A2,0
2214,2,單路部分,小客車,A2,3
2215,1,交岔路,小客車,A2,2
2216,1,交岔路,小客車,A2,2
2217,0,交岔路,機車,A2,0
2218,1,交岔路,慢車,A2,2
2219,2,交岔路,小客車,A2,2
2220,0,交岔路,機車,A2,0
2221,0,交岔路,機車,A2,0
2222,0,單路部分,機車,A2,1
2223,0,單路部分,小客車,A2,3
2224,2,單路部分,機車,A2,1
2225,2,單路部分,機車,A2,1
2226,0,交岔路,機車,A2,0
2227,2,單路部分,小客車,A2,3
2228,0,單路部分,機車,A2,1
2229,1,交岔路,機車,A2,0
2230,1,交岔路,小貨車(含客、貨兩用),A2,2
2231,1,交岔路,小客車,A2,2
2232,0,交岔路,小客車,A2,2
2233,1,交岔路,小客車,A2,2
2234,0,單路部分,機車,A2,1
2235,2,單路部分,機車,A2,1
2236,1,單路部分,機車,A2,1
2237,2,交岔路,機車,A2,0
2238,2,交岔路,慢車,A2,2
2239,1,交岔路,機車,A2,0
2240,0,交岔路,機車,A2,0
2241,1,單路部分,機車,A2,1
2242,0,交岔路,機車,A2,0
2243,1,交岔路,機車,A2,0
2244,0,交岔路,機車,A2,0
2245,1,交岔路,機車,A2,0
2246,1,單路部分,機車,A2,1
2247,1,交岔路,小客車,A2,2
2248,1,交岔路,小客車,A2,2
2249,2,交岔路,慢車,A2,2
2250,1,交岔路,機車,A2,0
2251,1,交岔路,人,A2,2
2252,1,交岔路,小客車,A2,2
2253,1,交岔路,機車,A2,0
2254,1,單路部分,機車,A2,1
2255,1,單路部分,機車,A2,1
2256,1,交岔路,機車,A2,0
2257,1,交岔路,小客車,A2,2
2258,0,單路部分,慢車,A2,3
2259,1,單路部分,機車,A2,1
2260,0,單路部分,機車,A2,1
2261,1,交岔路,機車,A2,0
2262,0,交岔路,機車,A2,0
2263,2,單路部分,機車,A2,1
2264,0,單路部分,機車,A2,1
2265,2,交岔路,慢車,A2,2
2266,1,單路部分,小客車,A2,3
2267,1,交岔路,小客車,A2,2
2268,1,交岔路,機車,A2,0
2269,1,單路部分,機車,A2,1
2270,0,交岔路,機車,A2,0
2271,1,交岔路,機車,A2,0
2272,0,交岔路,機車,A2,0
2273,1,交岔路,機車,A2,0
2274,2,交岔路,機車,A2,0
2275,0,單路部分,機車,A2,1
2276,2,交岔路,小客車,A2,2
2277,1,交岔路,機車,A2,0
2278,2,單路部分,小客車,A2,3
2279,0,交岔路,慢車,A2,2
2280,0,交岔路,機車,A2,0
2281,1,單路部分,小客車,A2,3
2282,0,單路部分,機車,A2,1
2283,2,交岔路,機車,A2,0
2284,1,交岔路,小客車,A2,2
2285,0,交岔路,機車,A2,0
2286,2,單路部分,小客車,A2,3
2287,1,交岔路,機車,A2,0
2288,2,單路部分,小客車,A2,3
2289,0,單路部分,機車,A2,1
2290,1,交岔路,機車,A2,0
2291,0,交岔路,小客車,A2,2
2292,0,單路部分,機車,A2,1
2293,0,單路部分,機車,A2,1
2294,1,交岔路,小客車,A2,2
2295,1,單路部分,小客車,A2,3
2296,2,交岔路,機車,A2,0
2297,0,單路部分,機車,A2,1
2298,2,交岔路,小客車,A2,2
2299,1,交岔路,小客車,A2,2
2300,1,交岔路,機車,A2,0
2301,1,單路部分,小客車,A2,3
2302,1,交岔路,機車,A2,0
2303,0,單路部分,慢車,A2,3
2304,1,交岔路,小客車,A2,2
2305,2,交岔路,小客車,A2,2
2306,1,單路部分,小客車,A2,3
2307,2,交岔路,小客車,A2,2
2308,2,交岔路,小貨車(含客、貨兩用),A2,2
2309,0,單路部分,機車,A2,1
2310,0,單路部分,機車,A2,1
2311,1,交岔路,小客車,A2,2
2312,0,單路部分,機車,A2,1
2313,2,單路部分,機車,A2,1
2314,2,交岔路,,A2,0
2315,0,交岔路,機車,A2,0
2316,0,交岔路,小客車,A2,2
2317,1,單路部分,小客車,A2,3
2318,1,單路部分,機車,A2,1
2319,0,交岔路,機車,A2,0
2320,1,交岔路,機車,A2,0
2321,0,交岔路,機車,A2,0
2322,1,交岔路,機車,A2,0
2323,2,交岔路,小客車,A2,2
2324,1,交岔路,機車,A2,0
2325,0,交岔路,機車,A2,0
2326,1,交岔路,小客車,A2,2
2327,0,單路部分,小客車,A2,3
2328,0,交岔路,小客車,A2,2
2329,1,交岔路,機車,A2,0
2330,1,交岔路,小客車,A2,2
2331,1,交岔路,小客車,A2,2
2332,1,交岔路,機車,A2,0
2333,1,交岔路,機車,A2,0
2334,1,交岔路,機車,A2,0
2335,1,單路部分,機車,A2,1
2336,1,交岔路,機車,A2,0
2337,1,交岔路,機車,A2,0
2338,1,單路部分,機車,A2,1
2339,0,交岔路,機車,A2,0
2340,2,交岔路,機車,A2,0
2341,1,交岔路,機車,A2,0
2342,0,交岔路,機車,A2,0
2343,0,單路部分,機車,A2,1
2344,0,交岔路,小客車,A2,2
2345,0,單路部分,機車,A2,1
2346,1,交岔路,機車,A2,0
2347,0,交岔路,機車,A2,0
2348,1,交岔路,機車,A2,0
2349,1,交岔路,小客車,A2,2
2350,0,交岔路,機車,A2,0
2351,1,交岔路,機車,A2,0
2352,0,單路部分,機車,A2,1
2353,1,交岔路,小客車,A2,2
2354,1,交岔路,機車,A2,0
2355,1,單路部分,機車,A2,1
2356,1,交岔路,機車,A2,0
2357,1,交岔路,機車,A2,0
2358,1,單路部分,機車,A2,1
2359,2,交岔路,小客車,A2,2
2360,0,交岔路,小客車,A2,2
2361,2,交岔路,機車,A2,0
2362,2,交岔路,機車,A2,0
2363,1,交岔路,小客車,A2,2
2364,0,交岔路,機車,A2,0
2365,1,交岔路,小客車,A2,2
2366,2,單路部分,機車,A2,1
2367,1,交岔路,小客車,A2,2
2368,0,交岔路,機車,A2,0
2369,1,交岔路,小客車,A2,2
2370,1,交岔路,小客車,A2,2
2371,1,交岔路,機車,A2,0
2372,1,交岔路,機車,A2,0
2373,1,單路部分,機車,A2,1
2374,0,單路部分,機車,A2,1
2375,2,交岔路,,A2,0
2376,2,單路部分,機車,A2,1
2377,1,交岔路,機車,A2,0
2378,2,交岔路,機車,A2,0
2379,0,交岔路,機車,A2,0
2380,2,交岔路,機車,A2,0
2381,1,交岔路,機車,A2,0
2382,0,單路部分,機車,A2,1
2383,1,交岔路,機車,A2,0
2384,2,單路部分,機車,A2,1
2385,1,交岔路,機車,A2,0
2386,1,交岔路,機車,A2,0
2387,2,交岔路,機車,A2,0
2388,1,單路部分,機車,A2,1
2389,2,交岔路,慢車,A2,2
2390,1,單路部分,機車,A2,1
2391,0,單路部分,機車,A2,1
2392,1,交岔路,機車,A2,0
2393,1,單路部分,其他車,A2,1
2394,1,交岔路,機車,A2,0
2395,1,交岔路,小客車,A2,2
2396,0,交岔路,機車,A2,0
2397,2,交岔路,慢車,A2,2
2398,0,單路部分,機車,A2,1
2399,0,單路部分,機車,A2,1
2400,0,交岔路,機車,A2,0
2401,2,交岔路,機車,A2,0
2402,2,交岔路,機車,A2,0
2403,1,交岔路,小客車,A2,2
2404,1,單路部分,小貨車(含客、貨兩用),A2,3
2405,2,交岔路,機車,A2,0
2406,0,單路部分,機車,A2,1
2407,2,單路部分,機車,A2,1
2408,0,交岔路,機車,A2,0
2409,1,交岔路,機車,A2,0
2410,1,交岔路,小客車,A2,2
2411,0,交岔路,機車,A2,0
2412,2,單路部分,機車,A2,1
2413,1,單路部分,機車,A2,1
2414,1,交岔路,小貨車(含客、貨兩用),A2,2
2415,0,交岔路,機車,A2,0
2416,1,單路部分,機車,A2,1
2417,2,單路部分,小客車,A2,3
2418,0,交岔路,機車,A2,0
2419,2,交岔路,機車,A2,0
2420,0,交岔路,機車,A2,0
2421,1,單路部分,機車,A2,1
2422,1,交岔路,小客車,A2,2
2423,2,單路部分,機車,A2,1
2424,2,交岔路,小客車,A2,2
2425,0,交岔路,機車,A2,0
2426,2,單路部分,機車,A2,1
2427,2,交岔路,小客車,A2,2
2428,1,交岔路,機車,A2,0
2429,0,單路部分,機車,A2,1
2430,0,交岔路,機車,A2,0
2431,0,交岔路,小客車,A2,2
2432,0,交岔路,機車,A2,0
2433,0,交岔路,小客車,A2,2
2434,0,交岔路,機車,A2,0
2435,0,單路部分,小客車,A2,3
2436,2,交岔路,機車,A2,0
2437,1,交岔路,機車,A2,0
2438,2,交岔路,機車,A2,0
2439,0,交岔路,機車,A2,0
2440,2,單路部分,機車,A2,1
2441,0,單路部分,機車,A2,1
2442,1,交岔路,機車,A2,0
2443,1,交岔路,機車,A2,0
2444,1,單路部分,機車,A2,1
2445,1,交岔路,小客車,A2,2
2446,1,交岔路,機車,A2,0
2447,2,單路部分,,A2,1
2448,0,交岔路,機車,A2,0
2449,0,單路部分,機車,A2,1
2450,0,交岔路,機車,A2,0
2451,1,交岔路,機車,A2,0
2452,1,單路部分,小客車,A2,3
2453,1,交岔路,機車,A2,0
2454,0,交岔路,機車,A2,0
2455,1,單路部分,小客車,A2,3
2456,2,交岔路,小客車,A2,2
2457,1,交岔路,機車,A2,0
2458,1,單路部分,機車,A2,1
2459,2,單路部分,小客車,A2,3
2460,2,單路部分,小客車,A2,3
2461,1,單路部分,機車,A2,1
2462,2,交岔路,機車,A2,0
2463,0,交岔路,機車,A2,0
2464,0,單路部分,慢車,A2,3
2465,1,交岔路,小客車,A2,2
2466,1,交岔路,機車,A2,0
2467,2,交岔路,機車,A2,0
2468,1,交岔路,機車,A2,0
2469,0,交岔路,機車,A2,0
2470,1,交岔路,小貨車(含客、貨兩用),A2,2
2471,1,單路部分,機車,A2,1
2472,1,交岔路,機車,A2,0
2473,2,交岔路,小貨車(含客、貨兩用),A2,2
2474,1,交岔路,機車,A2,0
2475,1,交岔路,小客車,A2,2
2476,0,單路部分,小貨車(含客、貨兩用),A2,3
2477,1,交岔路,機車,A2,0
2478,1,交岔路,機車,A2,0
2479,0,交岔路,機車,A2,0
2480,1,單路部分,慢車,A2,3
2481,0,單路部分,小貨車(含客、貨兩用),A2,3
2482,1,交岔路,機車,A2,0
2483,2,單路部分,機車,A2,1
2484,0,交岔路,機車,A2,0
2485,0,交岔路,機車,A2,0
2486,1,交岔路,小客車,A2,2
2487,0,交岔路,機車,A2,0
2488,2,單路部分,小客車,A2,3
2489,2,交岔路,,A2,0
2490,2,交岔路,慢車,A2,2
2491,2,交岔路,,A2,0
2492,0,交岔路,機車,A2,0
2493,1,交岔路,機車,A2,0
2494,0,單路部分,機車,A2,1
2495,1,交岔路,機車,A2,0
2496,1,交岔路,機車,A2,0
2497,0,交岔路,機車,A2,0
2498,1,單路部分,機車,A2,1
2499,2,交岔路,慢車,A2,2
2500,0,單路部分,機車,A2,1
2501,1,交岔路,機車,A2,0
2502,2,單路部分,機車,A2,1
2503,1,交岔路,機車,A2,0
2504,2,交岔路,機車,A2,0
2505,2,單路部分,小客車,A2,3
2506,2,交岔路,機車,A2,0
2507,0,交岔路,機車,A2,0
2508,0,單路部分,機車,A2,1
2509,0,單路部分,機車,A2,1
2510,0,交岔路,機車,A2,0
2511,1,交岔路,小客車,A2,2
2512,1,交岔路,小客車,A2,2
2513,1,交岔路,機車,A2,0
2514,0,單路部分,機車,A2,1
2515,2,單路部分,機車,A2,1
2516,0,交岔路,機車,A2,0
2517,0,交岔路,機車,A2,0
2518,1,單路部分,機車,A2,1
2519,0,交岔路,機車,A2,0
2520,0,單路部分,機車,A2,1
2521,1,單路部分,小客車,A2,3
2522,1,單路部分,機車,A2,1
2523,1,交岔路,機車,A2,0
2524,1,交岔路,機車,A2,0
2525,1,交岔路,小客車,A2,2
2526,0,單路部分,人,A2,3
2527,0,單路部分,機車,A2,1
2528,1,交岔路,小客車,A2,2
2529,2,交岔路,機車,A2,0
2530,1,交岔路,機車,A2,0
2531,0,交岔路,機車,A2,0
2532,0,單路部分,機車,A2,1
2533,2,單路部分,機車,A2,1
2534,1,交岔路,人,A2,2
2535,2,交岔路,機車,A2,0
2536,1,交岔路,機車,A2,0
2537,1,單路部分,機車,A2,1
2538,2,單路部分,機車,A2,1
2539,1,交岔路,機車,A2,0
2540,1,交岔路,機車,A2,0
2541,2,交岔路,機車,A2,0
2542,0,單路部分,機車,A2,1
2543,0,單路部分,機車,A2,1
2544,0,交岔路,小客車,A2,2
2545,1,交岔路,小客車,A2,2
2546,2,單路部分,機車,A2,1
2547,2,單路部分,小客車,A2,3
2548,0,交岔路,機車,A2,0
2549,1,交岔路,機車,A2,0
2550,1,交岔路,機車,A2,0
2551,0,交岔路,機車,A2,0
2552,1,單路部分,小客車,A2,3
2553,0,單路部分,機車,A2,1
2554,0,交岔路,機車,A2,0
2555,1,單路部分,小客車,A2,3
2556,1,單路部分,小客車,A2,3
2557,1,交岔路,小客車,A2,2
2558,1,交岔路,機車,A2,0
2559,1,交岔路,小客車,A2,2
2560,0,單路部分,小客車,A2,3
2561,0,單路部分,小客車,A2,3
2562,0,交岔路,機車,A2,0
2563,2,單路部分,慢車,A2,3
2564,1,交岔路,小客車,A2,2
2565,1,交岔路,小客車,A2,2
2566,2,交岔路,小客車,A2,2
2567,2,交岔路,機車,A2,0
2568,2,單路部分,機車,A2,1
2569,0,單路部分,機車,A2,1
2570,0,單路部分,小客車,A2,3
2571,1,交岔路,小客車,A2,2
2572,2,單路部分,機車,A2,1
2573,1,交岔路,機車,A2,0
2574,2,交岔路,慢車,A2,2
2575,2,交岔路,機車,A2,0
2576,2,單路部分,機車,A2,1
2577,1,交岔路,機車,A2,0
2578,2,單路部分,,A2,1
2579,0,單路部分,機車,A2,1
2580,1,交岔路,機車,A2,0
2581,1,交岔路,小客車,A2,2
2582,2,單路部分,慢車,A2,3
2583,1,單路部分,機車,A2,1
2584,0,交岔路,機車,A2,0
2585,1,單路部分,小客車,A2,3
2586,0,交岔路,機車,A2,0
2587,1,交岔路,機車,A2,0
2588,2,單路部分,慢車,A2,3
2589,1,單路部分,機車,A2,1
2590,2,交岔路,機車,A2,0
2591,1,交岔路,小客車,A2,2
2592,2,交岔路,機車,A2,0
2593,1,交岔路,小客車,A2,2
2594,2,交岔路,機車,A2,0
2595,0,交岔路,機車,A2,0
2596,2,單路部分,,A2,1
2597,0,單路部分,小客車,A2,3
2598,2,交岔路,機車,A2,0
2599,0,交岔路,機車,A2,0
2600,2,交岔路,小客車,A2,2
2601,1,單路部分,機車,A2,1
2602,0,交岔路,小客車,A2,2
2603,0,交岔路,機車,A2,0
2604,0,交岔路,機車,A2,0
2605,1,交岔路,機車,A2,0
2606,0,交岔路,機車,A2,0
2607,1,單路部分,機車,A2,1
2608,2,單路部分,小客車,A2,3
2609,0,交岔路,機車,A2,0
2610,0,單路部分,小客車,A2,3
2611,0,交岔路,機車,A2,0
2612,2,交岔路,機車,A2,0
2613,1,交岔路,機車,A2,0
2614,2,單路部分,機車,A2,1
2615,2,交岔路,機車,A2,0
2616,1,交岔路,機車,A2,0
2617,2,交岔路,,A2,0
2618,1,交岔路,機車,A2,0
2619,1,交岔路,小客車,A2,2
2620,1,交岔路,機車,A2,0
2621,1,單路部分,機車,A2,1
2622,1,交岔路,機車,A2,0
2623,1,交岔路,小客車,A2,2
2624,1,單路部分,小客車,A2,3
2625,1,交岔路,機車,A2,0
2626,1,交岔路,機車,A2,0
2627,1,交岔路,機車,A2,0
2628,0,交岔路,機車,A2,0
2629,1,單路部分,小貨車(含客、貨兩用),A2,3
2630,2,交岔路,,A2,0
2631,1,單路部分,機車,A2,1
2632,0,交岔路,機車,A2,0
2633,2,交岔路,機車,A2,0
2634,1,交岔路,機車,A2,0
2635,1,交岔路,小貨車(含客、貨兩用),A2,2
2636,0,交岔路,機車,A2,0
2637,1,交岔路,小客車,A2,2
2638,0,交岔路,機車,A2,0
2639,2,單路部分,機車,A2,1
2640,1,交岔路,機車,A2,0
2641,0,單路部分,小客車,A2,3
2642,0,交岔路,機車,A2,0
2643,0,交岔路,小客車,A2,2
2644,1,交岔路,機車,A2,0
2645,1,交岔路,小客車,A2,2
2646,2,交岔路,機車,A2,0
2647,0,單路部分,機車,A2,1
2648,2,單路部分,機車,A2,1
2649,1,單路部分,小客車,A2,3
2650,0,交岔路,機車,A2,0
2651,1,單路部分,小客車,A2,3
2652,0,單路部分,機車,A2,1
2653,0,交岔路,小客車,A2,2
2654,1,單路部分,小客車,A2,3
2655,1,單路部分,機車,A2,1
2656,0,單路部分,機車,A2,1
2657,1,交岔路,小客車,A2,2
2658,1,單路部分,小客車,A2,3
2659,0,交岔路,機車,A2,0
2660,1,交岔路,小客車,A2,2
2661,0,單路部分,機車,A2,1
2662,2,交岔路,小客車,A2,2
2663,2,交岔路,小客車,A2,2
2664,1,交岔路,小貨車(含客、貨兩用),A2,2
2665,2,交岔路,小客車,A2,2
2666,0,交岔路,機車,A2,0
2667,0,交岔路,機車,A2,0
2668,2,交岔路,機車,A2,0
2669,1,單路部分,機車,A2,1
2670,1,單路部分,機車,A2,1
2671,1,單路部分,小客車,A2,3
2672,1,交岔路,小客車,A2,2
2673,2,交岔路,機車,A2,0
2674,2,交岔路,,A2,0
2675,2,交岔路,小客車,A2,2
2676,0,交岔路,機車,A2,0
2677,1,交岔路,小客車,A2,2
2678,1,交岔路,機車,A2,0
2679,1,交岔路,小客車,A2,2
2680,0,交岔路,機車,A2,0
2681,1,交岔路,機車,A2,0
2682,2,交岔路,小客車,A2,2
2683,1,交岔路,小貨車(含客、貨兩用),A2,2
2684,0,交岔路,慢車,A2,2
2685,1,交岔路,機車,A2,0
2686,2,單路部分,機車,A2,1
2687,1,交岔路,小客車,A2,2
2688,0,交岔路,機車,A2,0
2689,1,交岔路,機車,A2,0
2690,1,交岔路,小客車,A2,2
2691,0,交岔路,機車,A2,0
2692,2,交岔路,,A2,0
2693,2,交岔路,,A2,0
2694,2,單路部分,小客車,A2,3
2695,1,單路部分,小客車,A2,3
2696,0,交岔路,機車,A2,0
2697,1,交岔路,機車,A2,0
2698,1,交岔路,機車,A2,0
2699,1,交岔路,機車,A2,0
2700,0,單路部分,機車,A2,1
2701,0,交岔路,機車,A2,0
2702,1,單路部分,機車,A2,1
2703,1,單路部分,機車,A2,1
2704,2,交岔路,機車,A2,0
2705,0,單路部分,小客車,A2,3
2706,0,交岔路,機車,A2,0
2707,2,交岔路,小貨車(含客、貨兩用),A2,2
2708,1,單路部分,機車,A2,1
2709,2,單路部分,,A2,1
2710,0,單路部分,機車,A2,1
2711,1,單路部分,小客車,A2,3
2712,1,單路部分,小貨車(含客、貨兩用),A2,3
2713,2,交岔路,小客車,A2,2
2714,1,交岔路,機車,A2,0
2715,1,交岔路,機車,A2,0
2716,1,單路部分,機車,A2,1
2717,1,單路部分,小客車,A2,3
2718,1,交岔路,機車,A2,0
2719,1,交岔路,機車,A2,0
2720,0,單路部分,機車,A2,1
2721,1,單路部分,小客車,A2,3
2722,2,單路部分,機車,A2,1
2723,1,交岔路,小客車,A2,2
2724,2,交岔路,小客車,A2,2
2725,2,交岔路,機車,A2,0
2726,1,單路部分,機車,A2,1
2727,2,單路部分,小客車,A2,3
2728,1,單路部分,機車,A2,1
2729,1,交岔路,小客車,A2,2
2730,0,交岔路,機車,A2,0
2731,0,單路部分,機車,A2,1
2732,1,交岔路,機車,A2,0
2733,0,交岔路,機車,A2,0
2734,1,交岔路,機車,A2,0
2735,2,交岔路,機車,A2,0
2736,1,單路部分,小客車,A2,3
2737,0,交岔路,機車,A2,0
2738,0,交岔路,機車,A2,0
2739,1,單路部分,機車,A2,1
2740,0,交岔路,,A2,0
2741,2,交岔路,小客車,A2,2
2742,1,單路部分,小客車,A2,3
2743,2,單路部分,機車,A2,1
2744,1,交岔路,機車,A2,0
2745,1,交岔路,機車,A2,0
2746,2,交岔路,小客車,A2,2
2747,0,交岔路,小客車,A2,2
2748,0,單路部分,小客車,A2,3
2749,1,交岔路,機車,A2,0
2750,1,交岔路,小客車,A2,2
2751,1,交岔路,機車,A2,0
2752,1,交岔路,機車,A2,0
2753,1,交岔路,小客車,A2,2
2754,2,交岔路,機車,A2,0
2755,2,交岔路,,A2,0
2756,1,交岔路,機車,A2,0
2757,1,交岔路,小客車,A2,2
2758,0,交岔路,機車,A2,0
2759,0,交岔路,機車,A2,0
2760,0,交岔路,機車,A2,0
2761,2,單路部分,機車,A2,1
2762,0,交岔路,機車,A2,0
2763,1,交岔路,小客車,A2,2
2764,1,單路部分,小客車,A2,3
2765,0,單路部分,小客車,A2,3
2766,0,單路部分,機車,A2,1
2767,1,單路部分,小客車,A2,3
2768,0,交岔路,小客車,A2,2
2769,1,交岔路,小客車,A2,2
2770,0,交岔路,機車,A2,0
2771,1,單路部分,機車,A2,1
2772,2,交岔路,機車,A2,0
2773,0,單路部分,機車,A2,1
2774,0,交岔路,機車,A2,0
2775,2,交岔路,機車,A2,0
2776,1,交岔路,小客車,A2,2
2777,0,交岔路,機車,A2,0
2778,1,單路部分,機車,A2,1
2779,1,單路部分,機車,A2,1
2780,1,交岔路,機車,A2,0
2781,1,單路部分,機車,A2,1
2782,2,交岔路,機車,A2,0
2783,2,交岔路,慢車,A2,2
2784,1,單路部分,小客車,A2,3
2785,2,交岔路,機車,A2,0
2786,1,單路部分,小客車,A2,3
2787,0,單路部分,機車,A2,1
2788,1,單路部分,機車,A2,1
2789,1,單路部分,小客車,A2,3
2790,1,交岔路,機車,A2,0
2791,1,交岔路,機車,A2,0
2792,0,單路部分,機車,A2,1
2793,0,交岔路,機車,A2,0
2794,2,交岔路,機車,A2,0
2795,1,交岔路,小客車,A2,2
2796,1,交岔路,機車,A2,0
2797,2,單路部分,人,A2,3
2798,1,交岔路,小客車,A2,2
2799,1,單路部分,機車,A2,1
2800,1,交岔路,機車,A2,0
2801,1,單路部分,機車,A2,1
2802,1,交岔路,機車,A2,0
2803,2,單路部分,機車,A2,1
2804,2,單路部分,小貨車(含客、貨兩用),A2,3
2805,1,單路部分,小貨車(含客、貨兩用),A2,3
2806,2,交岔路,小貨車(含客、貨兩用),A2,2
2807,2,單路部分,機車,A2,1
2808,2,交岔路,小客車,A2,2
2809,1,交岔路,小客車,A2,2
2810,1,單路部分,機車,A2,1
2811,0,交岔路,機車,A2,0
2812,0,交岔路,機車,A2,0
2813,1,交岔路,機車,A2,0
2814,1,交岔路,小客車,A2,2
2815,2,交岔路,機車,A2,0
2816,1,單路部分,機車,A2,1
2817,2,交岔路,機車,A2,0
2818,1,單路部分,小客車,A2,3
2819,1,交岔路,機車,A2,0
2820,1,交岔路,機車,A2,0
2821,1,交岔路,機車,A2,0
2822,1,單路部分,機車,A2,1
2823,2,交岔路,機車,A2,0
2824,0,單路部分,機車,A2,1
2825,0,交岔路,機車,A2,0
2826,1,交岔路,機車,A2,0
2827,0,單路部分,人,A2,3
2828,1,交岔路,小客車,A2,2
2829,2,交岔路,小貨車(含客、貨兩用),A2,2
2830,0,單路部分,機車,A2,1
2831,1,交岔路,小客車,A2,2
2832,1,單路部分,小客車,A2,3
2833,0,單路部分,機車,A2,1
2834,1,交岔路,機車,A2,0
2835,1,交岔路,機車,A2,0
2836,2,交岔路,機車,A2,0
2837,2,交岔路,小客車,A2,2
2838,1,單路部分,機車,A2,1
2839,0,交岔路,機車,A2,0
2840,1,交岔路,小客車,A2,2
2841,1,交岔路,機車,A2,0
2842,2,單路部分,機車,A2,1
2843,0,交岔路,機車,A2,0
2844,1,單路部分,半聯結車,A2,1
2845,2,交岔路,慢車,A2,2
2846,1,單路部分,機車,A2,1
2847,1,交岔路,機車,A2,0
2848,2,單路部分,機車,A2,1
2849,0,單路部分,機車,A2,1
2850,1,單路部分,小客車,A2,3
2851,2,交岔路,機車,A2,0
2852,0,交岔路,機車,A2,0
2853,0,交岔路,小客車,A2,2
2854,1,交岔路,機車,A2,0
2855,1,交岔路,機車,A2,0
2856,1,交岔路,機車,A2,0
2857,1,交岔路,機車,A2,0
2858,1,交岔路,小客車,A2,2
2859,0,交岔路,機車,A2,0
2860,1,交岔路,機車,A2,0
2861,1,交岔路,機車,A2,0
2862,0,交岔路,機車,A2,0
2863,1,交岔路,機車,A2,0
2864,2,單路部分,小客車,A2,3
2865,1,單路部分,機車,A2,1
2866,1,單路部分,機車,A2,1
2867,1,交岔路,機車,A2,0
2868,1,交岔路,機車,A2,0
2869,1,交岔路,小客車,A2,2
2870,2,交岔路,機車,A2,0
2871,2,單路部分,小客車,A2,3
2872,2,交岔路,,A2,0
2873,1,交岔路,機車,A2,0
2874,2,單路部分,機車,A2,1
2875,0,交岔路,機車,A2,0
2876,0,單路部分,人,A2,3
2877,1,單路部分,大貨車,A2,1
2878,1,交岔路,機車,A2,0
2879,1,單路部分,小客車,A2,3
2880,1,單路部分,機車,A2,1
2881,1,交岔路,小客車,A2,2
2882,1,交岔路,機車,A2,0
2883,1,單路部分,慢車,A2,3
2884,1,交岔路,機車,A2,0
2885,1,單路部分,機車,A2,1
2886,2,交岔路,小客車,A2,2
2887,1,交岔路,機車,A2,0
2888,1,交岔路,機車,A2,0
2889,1,交岔路,小客車,A2,2
2890,2,單路部分,小客車,A2,3
2891,2,交岔路,機車,A2,0
2892,0,交岔路,機車,A2,0
2893,1,交岔路,小客車,A2,2
2894,2,交岔路,機車,A2,0
2895,0,交岔路,小客車,A2,2
2896,2,單路部分,慢車,A2,3
2897,1,交岔路,小客車,A2,2
2898,0,單路部分,機車,A2,1
2899,1,交岔路,機車,A2,0
2900,1,交岔路,機車,A2,0
2901,1,單路部分,機車,A2,1
2902,2,單路部分,機車,A2,1
2903,1,交岔路,機車,A2,0
2904,2,交岔路,機車,A2,0
2905,0,交岔路,機車,A2,0
2906,1,交岔路,小貨車(含客、貨兩用),A2,2
2907,1,交岔路,小客車,A2,2
2908,0,單路部分,小客車,A2,3
2909,1,交岔路,機車,A2,0
2910,0,交岔路,慢車,A2,2
2911,1,交岔路,小客車,A2,2
2912,1,交岔路,機車,A2,0
2913,2,交岔路,機車,A2,0
2914,1,單路部分,機車,A2,1
2915,0,交岔路,小客車,A2,2
2916,1,單路部分,小客車,A2,3
2917,1,交岔路,機車,A2,0
2918,0,單路部分,小客車,A2,3
2919,1,單路部分,機車,A2,1
2920,0,交岔路,機車,A2,0
2921,1,交岔路,小客車,A2,2
2922,2,交岔路,小客車,A2,2
2923,1,交岔路,機車,A2,0
2924,1,單路部分,小客車,A2,3
2925,2,交岔路,小客車,A2,2
2926,0,交岔路,小客車,A2,2
2927,1,交岔路,小貨車(含客、貨兩用),A2,2
2928,1,交岔路,小客車,A2,2
2929,2,單路部分,機車,A2,1
2930,2,單路部分,機車,A2,1
2931,1,單路部分,機車,A2,1
2932,1,交岔路,小客車,A2,2
2933,0,單路部分,機車,A2,1
2934,1,交岔路,機車,A2,0
2935,1,交岔路,小客車,A2,2
2936,0,交岔路,小貨車(含客、貨兩用),A2,2
2937,2,交岔路,小客車,A2,2
2938,0,單路部分,小客車,A2,3
2939,1,單路部分,機車,A2,1
2940,0,單路部分,機車,A2,1
2941,1,單路部分,機車,A2,1
2942,1,交岔路,機車,A2,0
2943,0,交岔路,小客車,A2,2
2944,2,交岔路,小客車,A2,2
2945,1,交岔路,小客車,A2,2
2946,1,單路部分,機車,A2,1
2947,1,單路部分,機車,A2,1
2948,1,交岔路,機車,A2,0
2949,1,交岔路,小客車,A2,2
2950,1,單路部分,機車,A2,1
2951,2,單路部分,機車,A2,1
2952,0,交岔路,機車,A2,0
2953,1,交岔路,機車,A2,0
2954,0,單路部分,機車,A2,1
2955,1,交岔路,小客車,A2,2
2956,2,交岔路,機車,A2,0
2957,1,單路部分,機車,A2,1
2958,1,單路部分,小客車,A2,3
2959,0,交岔路,機車,A2,0
2960,2,交岔路,機車,A2,0
2961,1,單路部分,機車,A2,1
2962,0,交岔路,機車,A2,0
2963,2,交岔路,機車,A2,0
2964,1,交岔路,小客車,A2,2
2965,1,交岔路,小客車,A2,2
2966,0,單路部分,機車,A2,1
2967,1,單路部分,小客車,A2,3
2968,1,交岔路,小客車,A2,2
2969,1,單路部分,機車,A2,1
2970,1,交岔路,機車,A2,0
2971,1,單路部分,小客車,A2,3
2972,0,交岔路,小客車,A2,2
2973,1,單路部分,機車,A2,1
2974,2,交岔路,機車,A2,0
2975,1,交岔路,機車,A2,0
2976,1,交岔路,小客車,A2,2
2977,2,交岔路,小客車,A2,2
2978,1,交岔路,小客車,A2,2
2979,1,交岔路,機車,A2,0
2980,2,交岔路,機車,A2,0
2981,2,單路部分,慢車,A2,3
2982,1,交岔路,機車,A2,0
2983,2,交岔路,小客車,A2,2
2984,0,單路部分,機車,A2,1
2985,1,交岔路,小客車,A2,2
2986,1,單路部分,機車,A2,1
2987,1,交岔路,小客車,A2,2
2988,0,交岔路,機車,A2,0
2989,2,交岔路,機車,A2,0
2990,0,單路部分,機車,A2,1
2991,2,交岔路,機車,A2,0
2992,1,單路部分,機車,A2,1
2993,1,交岔路,機車,A2,0
2994,0,單路部分,機車,A2,1
2995,1,交岔路,小客車,A2,2
2996,1,交岔路,機車,A2,0
2997,1,交岔路,機車,A2,0
2998,1,交岔路,機車,A2,0
2999,1,交岔路,小客車,A2,2
3000,1,交岔路,機車,A2,0
3001,0,交岔路,小客車,A2,2
3002,0,單路部分,機車,A2,1
3003,2,單路部分,機車,A2,1
3004,2,交岔路,機車,A2,0
3005,1,交岔路,機車,A2,0
3006,2,交岔路,機車,A2,0
3007,0,交岔路,機車,A2,0
3008,1,交岔路,機車,A2,0
3009,1,單路部分,小貨車(含客、貨兩用),A2,3
3010,2,交岔路,機車,A2,0
3011,1,交岔路,機車,A2,0
3012,2,交岔路,小客車,A2,2
3013,0,單路部分,機車,A2,1
3014,0,交岔路,小客車,A2,2
3015,1,單路部分,小客車,A2,3
3016,1,交岔路,機車,A2,0
3017,1,交岔路,機車,A2,0
3018,1,交岔路,小客車,A2,2
3019,0,單路部分,機車,A2,1
3020,1,交岔路,機車,A2,0
3021,0,交岔路,機車,A2,0
3022,1,單路部分,小客車,A2,3
3023,1,單路部分,小客車,A2,3
3024,1,交岔路,機車,A2,0
3025,0,交岔路,機車,A2,0
3026,2,交岔路,小客車,A2,2
3027,1,交岔路,小客車,A2,2
3028,1,交岔路,機車,A2,0
3029,2,交岔路,小客車,A2,2
3030,1,交岔路,機車,A2,0
3031,1,交岔路,小客車,A2,2
3032,1,單路部分,小客車,A2,3
3033,1,交岔路,機車,A2,0
3034,1,交岔路,機車,A2,0
3035,0,單路部分,小客車,A2,3
3036,1,交岔路,機車,A2,0
3037,2,交岔路,,A2,0
3038,1,單路部分,小客車,A2,3
3039,1,交岔路,小客車,A2,2
3040,0,單路部分,機車,A2,1
3041,0,交岔路,小客車,A2,2
3042,1,交岔路,小客車,A2,2
3043,1,交岔路,機車,A2,0
3044,1,交岔路,小客車,A2,2
3045,2,交岔路,機車,A2,0
3046,0,交岔路,小客車,A2,2
3047,2,交岔路,機車,A2,0
3048,2,交岔路,小客車,A2,2
3049,1,交岔路,機車,A2,0
3050,2,交岔路,機車,A2,0
3051,0,交岔路,機車,A2,0
3052,2,交岔路,機車,A2,0
3053,2,單路部分,機車,A2,1
3054,1,單路部分,小客車,A2,3
3055,1,單路部分,機車,A2,1
3056,1,單路部分,機車,A2,1
3057,0,單路部分,機車,A2,1
3058,1,單路部分,小客車,A2,3
3059,2,交岔路,小客車,A2,2
3060,0,交岔路,小客車,A2,2
3061,1,交岔路,小客車,A2,2
3062,2,交岔路,機車,A2,0
3063,1,單路部分,小客車,A2,3
3064,1,交岔路,小貨車(含客、貨兩用),A2,2
3065,1,交岔路,小客車,A2,2
3066,1,交岔路,小客車,A2,2
3067,1,交岔路,機車,A2,0
3068,0,交岔路,小客車,A2,2
3069,1,單路部分,機車,A2,1
3070,2,交岔路,機車,A2,0
3071,1,單路部分,小貨車(含客、貨兩用),A2,3
3072,2,交岔路,機車,A2,0
3073,1,單路部分,機車,A2,1
3074,0,交岔路,機車,A2,0
3075,0,單路部分,小客車,A2,3
3076,1,交岔路,機車,A2,0
3077,1,交岔路,小貨車(含客、貨兩用),A2,2
3078,1,交岔路,小客車,A2,2
3079,0,單路部分,機車,A2,1
3080,0,單路部分,機車,A2,1
3081,0,單路部分,小客車,A2,3
3082,1,交岔路,機車,A2,0
3083,0,交岔路,機車,A2,0
3084,0,交岔路,機車,A2,0
3085,0,單路部分,機車,A2,1
3086,1,交岔路,機車,A2,0
3087,0,交岔路,機車,A2,0
3088,1,交岔路,慢車,A2,2
3089,1,交岔路,機車,A2,0
3090,0,單路部分,機車,A2,1
3091,2,單路部分,機車,A2,1
3092,1,交岔路,小客車,A2,2
3093,0,單路部分,機車,A2,1
3094,1,單路部分,小客車,A2,3
3095,1,單路部分,機車,A2,1
3096,2,單路部分,機車,A2,1
3097,0,單路部分,機車,A2,1
3098,1,交岔路,小客車,A2,2
3099,1,單路部分,小客車,A2,3
3100,0,單路部分,機車,A2,1
3101,0,單路部分,機車,A2,1
3102,1,交岔路,小客車,A2,2
3103,1,單路部分,機車,A2,1
3104,1,交岔路,機車,A2,0
3105,2,交岔路,小客車,A2,2
3106,1,單路部分,機車,A2,1
3107,2,交岔路,機車,A2,0
3108,1,單路部分,機車,A2,1
3109,0,單路部分,機車,A2,1
3110,2,交岔路,機車,A2,0
3111,1,單路部分,小客車,A2,3
3112,0,交岔路,機車,A2,0
3113,1,單路部分,機車,A2,1
3114,2,單路部分,小客車,A2,3
3115,2,單路部分,機車,A2,1
3116,2,交岔路,小客車,A2,2
3117,1,單路部分,小客車,A2,3
3118,0,單路部分,機車,A2,1
3119,1,單路部分,機車,A2,1
3120,0,交岔路,機車,A2,0
3121,1,單路部分,機車,A2,1
3122,0,單路部分,小貨車(含客、貨兩用),A2,3
3123,1,交岔路,機車,A2,0
3124,0,交岔路,小客車,A2,2
3125,1,交岔路,機車,A2,0
3126,0,交岔路,機車,A2,0
3127,0,單路部分,機車,A2,1
3128,1,交岔路,機車,A2,0
3129,1,交岔路,機車,A2,0
3130,1,交岔路,小客車,A2,2
3131,2,交岔路,小客車,A2,2
3132,1,交岔路,機車,A2,0
3133,1,單路部分,小貨車(含客、貨兩用),A2,3
3134,0,交岔路,小客車,A2,2
3135,0,交岔路,小客車,A2,2
3136,0,交岔路,機車,A2,0
3137,2,交岔路,機車,A2,0
3138,0,交岔路,機車,A2,0
3139,0,交岔路,機車,A2,0
3140,0,交岔路,機車,A2,0
3141,1,交岔路,小貨車(含客、貨兩用),A2,2
3142,1,交岔路,機車,A2,0
3143,1,交岔路,小客車,A2,2
3144,0,交岔路,小客車,A2,2
3145,1,單路部分,小客車,A2,3
3146,1,交岔路,機車,A2,0
3147,1,單路部分,小貨車(含客、貨兩用),A2,3
3148,1,交岔路,機車,A2,0
3149,1,單路部分,機車,A2,1
3150,1,交岔路,機車,A2,0
3151,2,交岔路,機車,A2,0
3152,2,交岔路,機車,A2,0
3153,0,交岔路,小客車,A2,2
3154,2,交岔路,機車,A2,0
3155,0,交岔路,機車,A2,0
3156,1,單路部分,機車,A2,1
3157,2,交岔路,慢車,A2,2
3158,1,單路部分,機車,A2,1
3159,2,單路部分,,A2,1
3160,0,交岔路,小客車,A2,2
3161,1,交岔路,機車,A2,0
3162,1,交岔路,機車,A2,0
3163,1,交岔路,小客車,A2,2
3164,1,交岔路,機車,A2,0
3165,2,單路部分,機車,A2,1
3166,0,單路部分,機車,A2,1
3167,2,交岔路,機車,A2,0
3168,1,交岔路,小客車,A2,2
3169,1,交岔路,機車,A2,0
3170,0,交岔路,機車,A2,0
3171,1,單路部分,機車,A2,1
3172,2,單路部分,機車,A2,1
3173,0,單路部分,機車,A2,1
3174,2,單路部分,小客車,A2,3
3175,1,單路部分,機車,A2,1
3176,1,交岔路,機車,A2,0
3177,1,單路部分,機車,A2,1
3178,2,交岔路,慢車,A2,2
3179,0,交岔路,機車,A2,0
3180,0,單路部分,機車,A2,1
3181,0,單路部分,機車,A2,1
3182,2,交岔路,小客車,A2,2
3183,1,單路部分,小貨車(含客、貨兩用),A2,3
3184,1,交岔路,機車,A2,0
3185,2,交岔路,小客車,A2,2
3186,1,單路部分,機車,A2,1
3187,0,交岔路,機車,A2,0
3188,0,單路部分,機車,A2,1
3189,1,交岔路,小貨車(含客、貨兩用),A2,2
3190,2,交岔路,機車,A2,0
3191,0,交岔路,機車,A2,0
3192,1,交岔路,機車,A2,0
3193,0,交岔路,機車,A2,0
3194,1,交岔路,機車,A2,0
3195,1,交岔路,小客車,A2,2
3196,0,交岔路,機車,A2,0
3197,0,交岔路,機車,A2,0
3198,1,交岔路,小客車,A2,2
3199,1,交岔路,機車,A2,0
3200,0,交岔路,機車,A2,0
3201,1,交岔路,小客車,A2,2
3202,1,交岔路,小客車,A2,2
3203,0,交岔路,機車,A2,0
3204,0,交岔路,機車,A2,0
3205,1,交岔路,機車,A2,0
3206,1,單路部分,機車,A2,1
3207,1,交岔路,機車,A2,0
3208,1,交岔路,小客車,A2,2
3209,1,單路部分,半聯結車,A2,1
3210,1,單路部分,機車,A2,1
3211,1,單路部分,小客車,A2,3
3212,2,交岔路,機車,A2,0
3213,1,交岔路,機車,A2,0
3214,2,交岔路,機車,A2,0
3215,1,單路部分,機車,A2,1
3216,0,交岔路,機車,A2,0
3217,0,單路部分,小客車,A2,3
3218,0,交岔路,小客車,A2,2
3219,0,交岔路,機車,A2,0
3220,1,交岔路,機車,A2,0
3221,1,交岔路,小客車,A2,2
3222,0,交岔路,小客車,A2,2
3223,1,交岔路,小客車,A2,2
3224,1,單路部分,機車,A2,1
3225,2,單路部分,機車,A2,1
3226,1,交岔路,機車,A2,0
3227,0,交岔路,機車,A2,0
3228,1,單路部分,機車,A2,1
3229,1,交岔路,機車,A2,0
3230,1,交岔路,小客車,A2,2
3231,1,交岔路,機車,A2,0
3232,0,交岔路,機車,A2,0
3233,2,交岔路,機車,A2,0
3234,0,單路部分,機車,A2,1
3235,1,交岔路,機車,A2,0
3236,1,交岔路,小客車,A2,2
3237,1,交岔路,機車,A2,0
3238,1,交岔路,機車,A2,0
3239,2,交岔路,機車,A2,0
3240,2,交岔路,小客車,A2,2
3241,1,交岔路,小客車,A2,2
3242,1,單路部分,小客車,A2,3
3243,0,交岔路,機車,A2,0
3244,1,交岔路,小客車,A2,2
3245,1,單路部分,小客車,A2,3
3246,0,交岔路,機車,A2,0
3247,1,單路部分,小客車,A2,3
3248,1,交岔路,小客車,A2,2
3249,2,交岔路,小客車,A2,2
3250,1,交岔路,小客車,A2,2
3251,1,單路部分,機車,A2,1
3252,1,交岔路,小客車,A2,2
3253,2,單路部分,機車,A2,1
3254,0,交岔路,機車,A2,0
3255,2,單路部分,小客車,A2,3
3256,0,交岔路,慢車,A2,2
3257,2,單路部分,機車,A2,1
3258,0,單路部分,機車,A2,1
3259,2,交岔路,機車,A2,0
3260,1,交岔路,小客車,A2,2
3261,1,交岔路,機車,A2,0
3262,0,交岔路,機車,A2,0
3263,2,交岔路,機車,A2,0
3264,2,交岔路,慢車,A2,2
3265,1,單路部分,小貨車(含客、貨兩用),A2,3
3266,0,交岔路,機車,A2,0
3267,1,交岔路,小貨車(含客、貨兩用),A2,2
3268,2,交岔路,,A2,0
3269,1,單路部分,機車,A2,1
3270,1,交岔路,小客車,A2,2
3271,1,交岔路,小客車,A2,2
3272,0,單路部分,小客車,A2,3
3273,2,單路部分,機車,A2,1
3274,0,單路部分,小客車,A2,3
3275,1,單路部分,小客車,A2,3
3276,1,單路部分,機車,A2,1
3277,1,單路部分,機車,A2,1
3278,1,交岔路,機車,A2,0
3279,1,交岔路,機車,A2,0
3280,1,交岔路,小貨車(含客、貨兩用),A2,2
3281,2,單路部分,小客車,A2,3
3282,1,交岔路,小客車,A2,2
3283,1,交岔路,小客車,A2,2
3284,1,單路部分,機車,A2,1
3285,0,交岔路,機車,A2,0
3286,1,交岔路,機車,A2,0
3287,1,單路部分,機車,A2,1
3288,0,單路部分,機車,A2,1
3289,1,交岔路,機車,A2,0
3290,2,交岔路,機車,A2,0
3291,1,單路部分,小客車,A2,3
3292,1,交岔路,小貨車(含客、貨兩用),A2,2
3293,1,交岔路,機車,A2,0
3294,2,單路部分,,A2,1
3295,1,交岔路,機車,A2,0
3296,0,交岔路,機車,A2,0
3297,0,單路部分,機車,A2,1
3298,0,交岔路,機車,A2,0
3299,1,交岔路,小客車,A2,2
3300,2,單路部分,,A2,1
3301,0,交岔路,機車,A2,0
3302,2,交岔路,小客車,A2,2
3303,0,單路部分,機車,A2,1
3304,1,交岔路,機車,A2,0
3305,0,單路部分,機車,A2,1
3306,2,單路部分,,A2,1
3307,0,交岔路,機車,A2,0
3308,0,交岔路,機車,A2,0
3309,1,交岔路,小客車,A2,2
3310,0,單路部分,機車,A2,1
3311,1,交岔路,小客車,A2,2
3312,2,交岔路,機車,A2,0
3313,0,交岔路,機車,A2,0
3314,1,單路部分,機車,A2,1
3315,2,交岔路,,A2,0
3316,1,交岔路,機車,A2,0
3317,0,交岔路,機車,A2,0
3318,0,交岔路,小客車,A2,2
3319,0,交岔路,機車,A2,0
3320,1,交岔路,機車,A2,0
3321,1,交岔路,機車,A2,0
3322,1,交岔路,機車,A2,0
3323,2,單路部分,機車,A2,1
3324,0,交岔路,機車,A2,0
3325,1,交岔路,小客車,A2,2
3326,1,交岔路,機車,A2,0
3327,1,單路部分,機車,A2,1
3328,1,交岔路,小貨車(含客、貨兩用),A2,2
3329,0,交岔路,機車,A2,0
3330,1,交岔路,機車,A2,0
3331,0,交岔路,機車,A2,0
3332,1,交岔路,機車,A2,0
3333,0,交岔路,小客車,A2,2
3334,1,交岔路,機車,A2,0
3335,1,交岔路,機車,A2,0
3336,0,單路部分,機車,A2,1
3337,1,交岔路,小客車,A2,2
3338,2,交岔路,機車,A2,0
3339,2,交岔路,機車,A2,0
3340,2,交岔路,機車,A2,0
3341,2,交岔路,小客車,A2,2
3342,0,交岔路,機車,A2,0
3343,2,單路部分,機車,A2,1
3344,1,單路部分,機車,A2,1
3345,0,交岔路,機車,A2,0
3346,0,交岔路,機車,A2,0
3347,1,單路部分,機車,A2,1
3348,1,交岔路,機車,A2,0
3349,1,交岔路,機車,A1,0
3350,2,交岔路,小客車,A1,2
3351,1,單路部分,小客車,A1,3
3352,1,交岔路,小客車,A1,2
3353,1,交岔路,機車,A1,0
3354,1,交岔路,慢車,A1,2
3355,1,交岔路,小客車,A1,2
3356,2,交岔路,機車,A1,0
3357,1,單路部分,大貨車,A1,1
3358,0,單路部分,人,A1,3
3359,0,交岔路,機車,A1,0
3360,0,交岔路,小客車,A1,2
3361,1,交岔路,小客車,A1,2
